carrier_element,block,topology_id,C_e,C_N,C_xi,C_total,A_T,N_obs,N_sim,xi_obs,xi_sim,q_lock
Ac,f,BIN_DIPOLE,0.4669451953797001,0.0,0.0,0.4669451953797001,1.1059228311624476,,,,0.11946745370346319,0.652662731482684
Ac,f,TRI_RING,98.47328244274806,0.0,0.0,98.47328244274806,0.15267175572519084,,,,0.18893490740692637,0.652662731482684
Ac,f,TETRA_PACK,20.879120879120876,0.0,0.0,20.879120879120876,1.3186813186813187,,,,0.25840236111038956,0.652662731482684
Ac,f,PENTA_FLOWER,64.49275362318839,0.0,0.0,64.49275362318839,1.0144927536231882,,,,0.32786981481385274,0.652662731482684
Ac,f,HEPTA_FLOWER,71.42857142857144,0.0,0.0,71.42857142857144,0.9523809523809522,,,,0.39733726851731593,0.652662731482684
Al,p,BIN_DIPOLE,0.4669451953797001,0.0,0.0,0.4669451953797001,1.1059228311624476,,,,0.09906843609672587,0.7546578195163707
Al,p,TRI_RING,98.47328244274806,0.0,0.0,98.47328244274806,0.15267175572519084,,,,0.14813687219345173,0.7546578195163707
Al,p,TETRA_PACK,20.879120879120876,0.0,0.0,20.879120879120876,1.3186813186813187,,,,0.19720530829017757,0.7546578195163707
Al,p,PENTA_FLOWER,64.49275362318839,0.0,0.0,64.49275362318839,1.0144927536231882,,,,0.24627374438690347,0.7546578195163707
Al,p,HEPTA_FLOWER,71.42857142857144,0.0,0.0,71.42857142857144,0.9523809523809522,,,,0.2953421804836293,0.7546578195163707
Au,d,BIN_DIPOLE,498.2305234701401,0.0,0.9436887815529695,498.7023678609166,0.14745637748832638,,,0.5363627317419482,0.05064450541289387,0.9967774729355307
Au,d,TRI_RING,84.35114503816793,0.0,0.9411860588937964,84.82173806761483,2.519083969465649,,,0.5363627317419482,0.05128901082578774,0.9967774729355307
Au,d,TETRA_PACK,407.1428571428571,0.0,0.9386866593324411,407.61220047252334,1.4285714285714288,,,0.5363627317419482,0.051933516238681615,0.9967774729355307
Au,d,PENTA_FLOWER,473.9130434782609,0.0,0.9361905828689037,474.3811387696953,0.8695652173913042,,,0.5363627317419482,0.052578021651575484,0.9967774729355307
Au,d,HEPTA_FLOWER,420.63492063492055,0.0,0.9336978295031845,421.10176954967216,1.587301587301587,,,0.5363627317419482,0.05322252706446935,0.9967774729355307
B,p,BIN_DIPOLE,0.4669451953797001,0.0,0.0,0.4669451953797001,1.1059228311624476,,,,0.07092742976889886,0.8953628511555057
B,p,TRI_RING,98.47328244274806,0.0,0.0,98.47328244274806,0.15267175572519084,,,,0.0918548595377977,0.8953628511555057
B,p,TETRA_PACK,20.879120879120876,0.0,0.0,20.879120879120876,1.3186813186813187,,,,0.11278228930669656,0.8953628511555057
B,p,PENTA_FLOWER,64.49275362318839,0.0,0.0,64.49275362318839,1.0144927536231882,,,,0.13370971907559542,0.8953628511555057
B,p,HEPTA_FLOWER,71.42857142857144,0.0,0.0,71.42857142857144,0.9523809523809522,,,,0.15463714884449425,0.8953628511555057
Ba,s,BIN_DIPOLE,0.4669451953797001,0.0,0.0,0.4669451953797001,1.1059228311624476,,,,0.11577880898438782,0.6711059550780609
Ba,s,TRI_RING,98.47328244274806,0.0,0.0,98.47328244274806,0.15267175572519084,,,,0.18155761796877562,0.6711059550780609
Ba,s,TETRA_PACK,20.879120879120876,0.0,0.0,20.879120879120876,1.3186813186813187,,,,0.24733642695316344,0.6711059550780609
Ba,s,PENTA_FLOWER,64.49275362318839,0.0,0.0,64.49275362318839,1.0144927536231882,,,,0.31311523593755125,0.6711059550780609
Ba,s,HEPTA_FLOWER,71.42857142857144,0.0,0.0,71.42857142857144,0.9523809523809522,,,,0.37889404492193907,0.6711059550780609
Br,p,BIN_DIPOLE,1.8677807815188003,0.0,0.0,1.8677807815188003,2.211845662324895,,,,0.09636879855596976,0.7681560072201512
Br,p,TRI_RING,393.89312977099223,0.0,0.0,393.89312977099223,0.3053435114503817,,,,0.1427375971119395,0.7681560072201512
Br,p,TETRA_PACK,83.5164835164835,0.0,0.0,83.5164835164835,2.6373626373626373,,,,0.18910639566790927,0.7681560072201512
Br,p,PENTA_FLOWER,257.97101449275357,0.0,0.0,257.97101449275357,2.0289855072463765,,,,0.23547519422387903,0.7681560072201512
Br,p,HEPTA_FLOWER,285.7142857142858,0.0,0.0,285.7142857142858,1.9047619047619044,,,,0.2818439927798488,0.7681560072201512
Ca,s,BIN_DIPOLE,0.4669451953797001,0.0,0.0,0.4669451953797001,1.1059228311624476,,,,0.08487310984307084,0.8256344507846458
Ca,s,TRI_RING,98.47328244274806,0.0,0.0,98.47328244274806,0.15267175572519084,,,,0.11974621968614169,0.8256344507846458
Ca,s,TETRA_PACK,20.879120879120876,0.0,0.0,20.879120879120876,1.3186813186813187,,,,0.1546193295292125,0.8256344507846458
Ca,s,PENTA_FLOWER,64.49275362318839,0.0,0.0,64.49275362318839,1.0144927536231882,,,,0.18949243937228338,0.8256344507846458
Ca,s,HEPTA_FLOWER,71.42857142857144,0.0,0.0,71.42857142857144,0.9523809523809522,,,,0.22436554921535418,0.8256344507846458
Cd,d,BIN_DIPOLE,0.4669451953797001,0.0,0.0,0.4669451953797001,1.1059228311624476,,,,0.09334162842495741,0.7832918578752129
Cd,d,TRI_RING,98.47328244274806,0.0,0.0,98.47328244274806,0.15267175572519084,,,,0.13668325684991484,0.7832918578752129
Cd,d,TETRA_PACK,20.879120879120876,0.0,0.0,20.879120879120876,1.3186813186813187,,,,0.18002488527487226,0.7832918578752129
Cd,d,PENTA_FLOWER,64.49275362318839,0.0,0.0,64.49275362318839,1.0144927536231882,,,,0.22336651369982968,0.7832918578752129
Cd,d,HEPTA_FLOWER,71.42857142857144,0.0,0.0,71.42857142857144,0.9523809523809522,,,,0.26670814212478705,0.7832918578752129
Ce,f,BIN_DIPOLE,0.4669451953797001,0.0,0.0,0.4669451953797001,1.1059228311624476,,,,0.11260873153857341,0.686956342307133
Ce,f,TRI_RING,98.47328244274806,0.0,0.0,98.47328244274806,0.15267175572519084,,,,0.1752174630771468,0.686956342307133
Ce,f,TETRA_PACK,20.879120879120876,0.0,0.0,20.879120879120876,1.3186813186813187,,,,0.2378261946157202,0.686956342307133
Ce,f,PENTA_FLOWER,64.49275362318839,0.0,0.0,64.49275362318839,1.0144927536231882,,,,0.3004349261542936,0.686956342307133
Ce,f,HEPTA_FLOWER,71.42857142857144,0.0,0.0,71.42857142857144,0.9523809523809522,,,,0.363043657692867,0.686956342307133
Cr,d,BIN_DIPOLE,0.4669451953797001,0.0,0.0,0.4669451953797001,1.1059228311624476,,,,0.13523456088680774,0.5738271955659613
Cr,d,TRI_RING,98.47328244274806,0.0,0.0,98.47328244274806,0.15267175572519084,,,,0.2204691217736155,0.5738271955659613
Cr,d,TETRA_PACK,20.879120879120876,0.0,0.0,20.879120879120876,1.3186813186813187,,,,0.3057036826604232,0.5738271955659613
Cr,d,PENTA_FLOWER,64.49275362318839,0.0,0.0,64.49275362318839,1.0144927536231882,,,,0.390938243547231,0.5738271955659613
Cr,d,HEPTA_FLOWER,71.42857142857144,0.0,0.0,71.42857142857144,0.9523809523809522,,,,0.4761728044340387,0.5738271955659613
Cu,d,BIN_DIPOLE,194.27992135659866,0.0,0.0,194.27992135659866,0.6144015728680264,,,,0.10666199434358542,0.716690028282073
Cu,d,TRI_RING,221.5648854961832,0.0,0.0,221.5648854961832,0.22900763358778628,,,,0.16332398868717082,0.716690028282073
Cu,d,TETRA_PACK,189.83516483516485,0.0,0.0,189.83516483516485,0.8791208791208791,,,,0.21998598303075623,0.716690028282073
Cu,d,PENTA_FLOWER,72.64492753623188,0.0,0.0,72.64492753623188,2.1014492753623184,,,,0.27664797737434166,0.716690028282073
Cu,d,HEPTA_FLOWER,21.825396825396826,0.0,0.0,21.825396825396826,2.5396825396825395,,,,0.33330997171792703,0.716690028282073
Fe,d,BIN_DIPOLE,0.4669451953797001,0.0,0.5712818717790046,0.7525861312692024,1.1059228311624476,,,0.4396614221398871,0.06174546859366395,0.9412726570316803
Fe,d,TRI_RING,98.47328244274806,0.0,0.5363232962015696,98.74144409084884,0.15267175572519084,,,0.4396614221398871,0.0734909371873279,0.9412726570316803
Fe,d,TETRA_PACK,20.879120879120876,0.0,0.5024683688840128,21.13035506356288,1.3186813186813187,,,0.4396614221398871,0.08523640578099184,0.9412726570316803
Fe,d,PENTA_FLOWER,64.49275362318839,0.0,0.4697170898263339,64.72761216810156,1.0144927536231882,,,0.4396614221398871,0.09698187437465577,0.9412726570316803
Fe,d,HEPTA_FLOWER,71.42857142857144,0.0,0.438069459028533,71.64760615808571,0.9523809523809522,,,0.4396614221398871,0.10872734296831972,0.9412726570316803
Ga,p,BIN_DIPOLE,0.4669451953797001,0.0,0.0,0.4669451953797001,1.1059228311624476,,,,0.06308964188997922,0.934551790550104
Ga,p,TRI_RING,98.47328244274806,0.0,0.0,98.47328244274806,0.15267175572519084,,,,0.07617928377995842,0.934551790550104
Ga,p,TETRA_PACK,20.879120879120876,0.0,0.0,20.879120879120876,1.3186813186813187,,,,0.08926892566993763,0.934551790550104
Ga,p,PENTA_FLOWER,64.49275362318839,0.0,0.0,64.49275362318839,1.0144927536231882,,,,0.10235856755991685,0.934551790550104
Ga,p,HEPTA_FLOWER,71.42857142857144,0.0,0.0,71.42857142857144,0.9523809523809522,,,,0.11544820944989605,0.934551790550104
Ge,p,BIN_DIPOLE,0.4669451953797001,0.0,0.0,0.4669451953797001,1.1059228311624476,,,,0.06580969324872646,0.9209515337563677
Ge,p,TRI_RING,98.47328244274806,0.0,0.0,98.47328244274806,0.15267175572519084,,,,0.0816193864974529,0.9209515337563677
Ge,p,TETRA_PACK,20.879120879120876,0.0,0.0,20.879120879120876,1.3186813186813187,,,,0.09742907974617937,0.9209515337563677
Ge,p,PENTA_FLOWER,64.49275362318839,0.0,0.0,64.49275362318839,1.0144927536231882,,,,0.11323877299490581,0.9209515337563677
Ge,p,HEPTA_FLOWER,71.42857142857144,0.0,0.0,71.42857142857144,0.9523809523809522,,,,0.12904846624363225,0.9209515337563677
Hf,d,BIN_DIPOLE,0.4669451953797001,0.0,0.0,0.4669451953797001,1.1059228311624476,,,,0.12545780161742504,0.6227109919128748
Hf,d,TRI_RING,98.47328244274806,0.0,0.0,98.47328244274806,0.15267175572519084,,,,0.20091560323485008,0.6227109919128748
Hf,d,TETRA_PACK,20.879120879120876,0.0,0.0,20.879120879120876,1.3186813186813187,,,,0.2763734048522751,0.6227109919128748
Hf,d,PENTA_FLOWER,64.49275362318839,0.0,0.0,64.49275362318839,1.0144927536231882,,,,0.3518312064697002,0.6227109919128748
Hf,d,HEPTA_FLOWER,71.42857142857144,0.0,0.0,71.42857142857144,0.9523809523809522,,,,0.42728900808712517,0.6227109919128748
Hg,d,BIN_DIPOLE,0.4669451953797001,0.0,0.0,0.4669451953797001,1.1059228311624476,,,,0.09209879046408745,0.7895060476795628
Hg,d,TRI_RING,98.47328244274806,0.0,0.0,98.47328244274806,0.15267175572519084,,,,0.1341975809281749,0.7895060476795628
Hg,d,TETRA_PACK,20.879120879120876,0.0,0.0,20.879120879120876,1.3186813186813187,,,,0.17629637139226234,0.7895060476795628
Hg,d,PENTA_FLOWER,64.49275362318839,0.0,0.0,64.49275362318839,1.0144927536231882,,,,0.21839516185634977,0.7895060476795628
Hg,d,HEPTA_FLOWER,71.42857142857144,0.0,0.0,71.42857142857144,0.9523809523809522,,,,0.2604939523204372,0.7895060476795628
In,p,BIN_DIPOLE,0.4669451953797001,0.0,0.0,0.4669451953797001,1.1059228311624476,,,,0.08627933456979293,0.8186033271510353
In,p,TRI_RING,98.47328244274806,0.0,0.0,98.47328244274806,0.15267175572519084,,,,0.12255866913958587,0.8186033271510353
In,p,TETRA_PACK,20.879120879120876,0.0,0.0,20.879120879120876,1.3186813186813187,,,,0.15883800370937878,0.8186033271510353
In,p,PENTA_FLOWER,64.49275362318839,0.0,0.0,64.49275362318839,1.0144927536231882,,,,0.19511733827917171,0.8186033271510353
In,p,HEPTA_FLOWER,71.42857142857144,0.0,0.0,71.42857142857144,0.9523809523809522,,,,0.23139667284896465,0.8186033271510353
Ir,d,BIN_DIPOLE,0.4669451953797001,0.0,0.0,0.4669451953797001,1.1059228311624476,,,,0.0757082906953201,0.8714585465233995
Ir,d,TRI_RING,98.47328244274806,0.0,0.0,98.47328244274806,0.15267175572519084,,,,0.1014165813906402,0.8714585465233995
Ir,d,TETRA_PACK,20.879120879120876,0.0,0.0,20.879120879120876,1.3186813186813187,,,,0.1271248720859603,0.8714585465233995
Ir,d,PENTA_FLOWER,64.49275362318839,0.0,0.0,64.49275362318839,1.0144927536231882,,,,0.1528331627812804,0.8714585465233995
Ir,d,HEPTA_FLOWER,71.42857142857144,0.0,0.0,71.42857142857144,0.9523809523809522,,,,0.1785414534766005,0.8714585465233995
La,f,BIN_DIPOLE,0.4669451953797001,0.0,3.121614473659957,2.0277524322096787,1.1059228311624476,,,0.995927960105405,0.11252339909443237,0.6873830045278382
La,f,TRI_RING,98.47328244274806,0.0,2.695383527957796,99.82097420672696,0.15267175572519084,,,0.995927960105405,0.17504679818886476,0.6873830045278382
La,f,TETRA_PACK,20.879120879120876,0.0,2.3004259857302096,22.02933387198598,1.3186813186813187,,,0.995927960105405,0.2375701972832971,0.6873830045278382
La,f,PENTA_FLOWER,64.49275362318839,0.0,1.936741846977196,65.46112454667698,1.0144927536231882,,,0.995927960105405,0.3000935963777295,0.6873830045278382
La,f,HEPTA_FLOWER,71.42857142857144,0.0,1.6043311116987555,72.23073698442083,0.9523809523809522,,,0.995927960105405,0.3626169954721618,0.6873830045278382
Lu,f,BIN_DIPOLE,0.4669451953797001,0.0,0.0,0.4669451953797001,1.1059228311624476,,,,0.09988193416663334,0.7505903291668333
Lu,f,TRI_RING,98.47328244274806,0.0,0.0,98.47328244274806,0.15267175572519084,,,,0.14976386833326666,0.7505903291668333
Lu,f,TETRA_PACK,20.879120879120876,0.0,0.0,20.879120879120876,1.3186813186813187,,,,0.1996458024999,0.7505903291668333
Lu,f,PENTA_FLOWER,64.49275362318839,0.0,0.0,64.49275362318839,1.0144927536231882,,,,0.24952773666653333,0.7505903291668333
Lu,f,HEPTA_FLOWER,71.42857142857144,0.0,0.0,71.42857142857144,0.9523809523809522,,,,0.29940967083316666,0.7505903291668333
Mg,s,BIN_DIPOLE,0.4669451953797001,0.0,4.34276259520545,2.638326492982425,1.1059228311624476,,,1.126971112750853,0.08500631065753746,0.8249684467123127
Mg,s,TRI_RING,98.47328244274806,0.0,4.055861613898472,100.50121324969729,0.15267175572519084,,,1.126971112750853,0.12001262131507491,0.8249684467123127
Mg,s,TETRA_PACK,20.879120879120876,0.0,3.778764166878312,22.76850296256003,1.3186813186813187,,,1.126971112750853,0.15501893197261235,0.8249684467123127
Mg,s,PENTA_FLOWER,64.49275362318839,0.0,3.5114702541449665,66.24848875026088,1.0144927536231882,,,1.126971112750853,0.1900252426301498,0.8249684467123127
Mg,s,HEPTA_FLOWER,71.42857142857144,0.0,3.253979875698439,73.05556136642066,0.9523809523809522,,,1.126971112750853,0.22503155328768726,0.8249684467123127
Mo,d,BIN_DIPOLE,0.4669451953797001,0.0,0.0,0.4669451953797001,1.1059228311624476,,,,0.09435297898569293,0.7782351050715354
Mo,d,TRI_RING,98.47328244274806,0.0,0.0,98.47328244274806,0.15267175572519084,,,,0.13870595797138585,0.7782351050715354
Mo,d,TETRA_PACK,20.879120879120876,0.0,0.0,20.879120879120876,1.3186813186813187,,,,0.18305893695707876,0.7782351050715354
Mo,d,PENTA_FLOWER,64.49275362318839,0.0,0.0,64.49275362318839,1.0144927536231882,,,,0.22741191594277171,0.7782351050715354
Mo,d,HEPTA_FLOWER,71.42857142857144,0.0,0.0,71.42857142857144,0.9523809523809522,,,,0.2717648949284646,0.7782351050715354
Nb,d,BIN_DIPOLE,0.4669451953797001,0.0,4.146952193153319,2.5404212919563594,1.1059228311624476,,,1.0876581669572187,0.06945482366653317,0.9027258816673341
Nb,d,TRI_RING,98.47328244274806,0.0,3.9899944218057435,100.46827965365092,0.15267175572519084,,,1.0876581669572187,0.08890964733306635,0.9027258816673341
Nb,d,TETRA_PACK,20.879120879120876,0.0,3.8360645717693354,22.797153165005543,1.3186813186813187,,,1.0876581669572187,0.10836447099959952,0.9027258816673341
Nb,d,PENTA_FLOWER,64.49275362318839,0.0,3.685162643044095,66.33533494471044,1.0144927536231882,,,1.0876581669572187,0.12781929466613268,0.9027258816673341
Nb,d,HEPTA_FLOWER,71.42857142857144,0.0,3.537288635630022,73.19721574638646,0.9523809523809522,,,1.0876581669572187,0.14727411833266585,0.9027258816673341
Ni,d,BIN_DIPOLE,398.7711968542639,0.0,0.0,398.7711968542639,0.1228803145736053,,,,0.0646948492070501,0.9265257539647496
Ni,d,TRI_RING,9.16030534351145,0.0,0.0,9.16030534351145,2.4427480916030535,,,,0.07938969841410018,0.9265257539647496
Ni,d,TETRA_PACK,320.8791208791209,0.0,0.0,320.8791208791209,1.3186813186813187,,,,0.09408454762115026,0.9265257539647496
Ni,d,PENTA_FLOWER,388.40579710144925,0.0,0.0,388.40579710144925,0.5797101449275363,,,,0.10877939682820036,0.9265257539647496
Ni,d,HEPTA_FLOWER,396.8253968253969,0.0,0.0,396.8253968253969,0.31746031746031744,,,,0.12347424603525044,0.9265257539647496
Os,d,BIN_DIPOLE,0.4669451953797001,0.0,0.0,0.4669451953797001,1.1059228311624476,,,,0.13220073597315152,0.5889963201342425
Os,d,TRI_RING,98.47328244274806,0.0,0.0,98.47328244274806,0.15267175572519084,,,,0.214401471946303,0.5889963201342425
Os,d,TETRA_PACK,20.879120879120876,0.0,0.0,20.879120879120876,1.3186813186813187,,,,0.29660220791945446,0.5889963201342425
Os,d,PENTA_FLOWER,64.49275362318839,0.0,0.0,64.49275362318839,1.0144927536231882,,,,0.378802943892606,0.5889963201342425
Os,d,HEPTA_FLOWER,71.42857142857144,0.0,0.0,71.42857142857144,0.9523809523809522,,,,0.46100367986575747,0.5889963201342425
Pa,f,BIN_DIPOLE,89.72720570164658,0.0,0.0,89.72720570164658,4.448267387564512,,,,0.08051708348078535,0.8474145825960733
Pa,f,TRI_RING,1669.0839694656486,0.0,0.0,1669.0839694656486,0.6870229007633588,,,,0.1110341669615707,0.8474145825960733
Pa,f,TETRA_PACK,380.7692307692307,0.0,0.0,380.7692307692307,5.384615384615384,,,,0.14155125044235603,0.8474145825960733
Pa,f,PENTA_FLOWER,1047.8260869565217,0.0,0.0,1047.8260869565217,4.3478260869565215,,,,0.1720683339231414,0.8474145825960733
Pa,f,HEPTA_FLOWER,887.3015873015875,0.0,0.0,887.3015873015875,5.079365079365079,,,,0.20258541740392672,0.8474145825960733
Pb,p,BIN_DIPOLE,0.4669451953797001,0.0,0.0,0.4669451953797001,1.1059228311624476,,,,0.05388520262626431,0.9805739868686785
Pb,p,TRI_RING,98.47328244274806,0.0,0.0,98.47328244274806,0.15267175572519084,,,,0.05777040525252861,0.9805739868686785
Pb,p,TETRA_PACK,20.879120879120876,0.0,0.0,20.879120879120876,1.3186813186813187,,,,0.06165560787879292,0.9805739868686785
Pb,p,PENTA_FLOWER,64.49275362318839,0.0,0.0,64.49275362318839,1.0144927536231882,,,,0.06554081050505722,0.9805739868686785
Pb,p,HEPTA_FLOWER,71.42857142857144,0.0,0.0,71.42857142857144,0.9523809523809522,,,,0.06942601313132153,0.9805739868686785
Pt,d,BIN_DIPOLE,150.3317768493487,0.0,0.7375500266872584,150.70055186269232,3.416072745146227,,,0.4979639800527025,0.0685603160350155,0.9071984198249226
Pt,d,TRI_RING,898.0916030534352,0.0,0.6751690263264422,898.4291875665983,1.7557251908396947,,,0.4979639800527025,0.08712063207003098,0.9071984198249226
Pt,d,TETRA_PACK,84.06593406593406,0.0,0.6155439086161828,84.37370602024215,4.725274725274725,,,0.4979639800527025,0.10568094810504647,0.9071984198249226
Pt,d,PENTA_FLOWER,357.97101449275357,0.0,0.5586746735564808,358.2503518295318,4.637681159420289,,,0.4979639800527025,0.12424126414006197,0.9071984198249226
Pt,d,HEPTA_FLOWER,642.8571428571429,0.0,0.5045613211473361,643.1094235177166,3.809523809523809,,,0.4979639800527025,0.14280158017507744,0.9071984198249226
Re,d,BIN_DIPOLE,0.4669451953797001,0.0,0.0,0.4669451953797001,1.1059228311624476,,,,0.11650456986353178,0.6674771506823411
Re,d,TRI_RING,98.47328244274806,0.0,0.0,98.47328244274806,0.15267175572519084,,,,0.18300913972706356,0.6674771506823411
Re,d,TETRA_PACK,20.879120879120876,0.0,0.0,20.879120879120876,1.3186813186813187,,,,0.24951370959059532,0.6674771506823411
Re,d,PENTA_FLOWER,64.49275362318839,0.0,0.0,64.49275362318839,1.0144927536231882,,,,0.3160182794541271,0.6674771506823411
Re,d,HEPTA_FLOWER,71.42857142857144,0.0,0.0,71.42857142857144,0.9523809523809522,,,,0.38252284931765884,0.6674771506823411
Rh,d,BIN_DIPOLE,0.4669451953797001,0.0,0.0,0.4669451953797001,1.1059228311624476,,,,0.05734250026289372,0.9632874986855314
Rh,d,TRI_RING,98.47328244274806,0.0,0.0,98.47328244274806,0.15267175572519084,,,,0.06468500052578743,0.9632874986855314
Rh,d,TETRA_PACK,20.879120879120876,0.0,0.0,20.879120879120876,1.3186813186813187,,,,0.07202750078868114,0.9632874986855314
Rh,d,PENTA_FLOWER,64.49275362318839,0.0,0.0,64.49275362318839,1.0144927536231882,,,,0.07937000105157486,0.9632874986855314
Rh,d,HEPTA_FLOWER,71.42857142857144,0.0,0.0,71.42857142857144,0.9523809523809522,,,,0.08671250131446857,0.9632874986855314
Ru,d,BIN_DIPOLE,36.234332759891856,0.0,0.0,36.234332759891856,2.254853772425657,,,,0.11324822173509404,0.6837588913245298
Ru,d,TRI_RING,390.36259541984737,0.0,0.0,390.36259541984737,0.9541984732824427,,,,0.17649644347018806,0.6837588913245298
Ru,d,TETRA_PACK,34.47802197802197,0.0,0.0,34.47802197802197,3.0219780219780223,,,,0.2397446652052821,0.6837588913245298
Ru,d,PENTA_FLOWER,264.4927536231884,0.0,0.0,264.4927536231884,2.3188405797101446,,,,0.3029928869403761,0.6837588913245298
Ru,d,HEPTA_FLOWER,233.92857142857142,0.0,0.0,233.92857142857142,2.6190476190476186,,,,0.36624110867547016,0.6837588913245298
Sc,d,BIN_DIPOLE,0.4669451953797001,0.0,0.0,0.4669451953797001,1.1059228311624476,,,,0.10150796683847903,0.7424601658076049
Sc,d,TRI_RING,98.47328244274806,0.0,0.0,98.47328244274806,0.15267175572519084,,,,0.15301593367695804,0.7424601658076049
Sc,d,TETRA_PACK,20.879120879120876,0.0,0.0,20.879120879120876,1.3186813186813187,,,,0.20452390051543706,0.7424601658076049
Sc,d,PENTA_FLOWER,64.49275362318839,0.0,0.0,64.49275362318839,1.0144927536231882,,,,0.2560318673539161,0.7424601658076049
Sc,d,HEPTA_FLOWER,71.42857142857144,0.0,0.0,71.42857142857144,0.9523809523809522,,,,0.3075398341923951,0.7424601658076049
Se,p,BIN_DIPOLE,1466.5765544359792,0.0,0.0,1466.5765544359792,3.563529122634554,,,,0.11465854610667066,0.6767072694666467
Se,p,TRI_RING,629.7709923664121,0.0,0.0,629.7709923664121,5.343511450381679,,,,0.1793170922133413,0.6767072694666467
Se,p,TETRA_PACK,521.978021978022,0.0,0.0,521.978021978022,6.593406593406594,,,,0.24397563832001196,0.6767072694666467
Se,p,PENTA_FLOWER,1890.5797101449275,0.0,0.0,1890.5797101449275,4.202898550724637,,,,0.3086341844266826,0.6767072694666467
Se,p,HEPTA_FLOWER,2115.873015873016,0.0,0.0,2115.873015873016,3.492063492063491,,,,0.37329273053335327,0.6767072694666467
Sn,p,BIN_DIPOLE,0.4669451953797001,0.0,0.0,0.4669451953797001,1.1059228311624476,,,,0.07630489447470729,0.8684755276264636
Sn,p,TRI_RING,98.47328244274806,0.0,0.0,98.47328244274806,0.15267175572519084,,,,0.10260978894941455,0.8684755276264636
Sn,p,TETRA_PACK,20.879120879120876,0.0,0.0,20.879120879120876,1.3186813186813187,,,,0.12891468342412182,0.8684755276264636
Sn,p,PENTA_FLOWER,64.49275362318839,0.0,0.0,64.49275362318839,1.0144927536231882,,,,0.15521957789882912,0.8684755276264636
Sn,p,HEPTA_FLOWER,71.42857142857144,0.0,0.0,71.42857142857144,0.9523809523809522,,,,0.18152447237353636,0.8684755276264636
Sr,s,BIN_DIPOLE,0.4669451953797001,0.0,0.0,0.4669451953797001,1.1059228311624476,,,,0.07955599418453581,0.852220029077321
Sr,s,TRI_RING,98.47328244274806,0.0,0.0,98.47328244274806,0.15267175572519084,,,,0.10911198836907161,0.852220029077321
Sr,s,TETRA_PACK,20.879120879120876,0.0,0.0,20.879120879120876,1.3186813186813187,,,,0.1386679825536074,0.852220029077321
Sr,s,PENTA_FLOWER,64.49275362318839,0.0,0.0,64.49275362318839,1.0144927536231882,,,,0.1682239767381432,0.852220029077321
Sr,s,HEPTA_FLOWER,71.42857142857144,0.0,0.0,71.42857142857144,0.9523809523809522,,,,0.19777997092267902,0.852220029077321
Ta,d,BIN_DIPOLE,0.4669451953797001,0.0,0.0,0.4669451953797001,1.1059228311624476,,,,0.09955580163313105,0.7522209918343448
Ta,d,TRI_RING,98.47328244274806,0.0,0.0,98.47328244274806,0.15267175572519084,,,,0.1491116032662621,0.7522209918343448
Ta,d,TETRA_PACK,20.879120879120876,0.0,0.0,20.879120879120876,1.3186813186813187,,,,0.19866740489939316,0.7522209918343448
Ta,d,PENTA_FLOWER,64.49275362318839,0.0,0.0,64.49275362318839,1.0144927536231882,,,,0.24822320653252422,0.7522209918343448
Ta,d,HEPTA_FLOWER,71.42857142857144,0.0,0.0,71.42857142857144,0.9523809523809522,,,,0.2977790081656552,0.7522209918343448
Tc,d,BIN_DIPOLE,0.4669451953797001,0.0,0.0,0.4669451953797001,1.1059228311624476,,,,0.052090160617193605,0.989549196914032
Tc,d,TRI_RING,98.47328244274806,0.0,0.0,98.47328244274806,0.15267175572519084,,,,0.05418032123438721,0.989549196914032
Tc,d,TETRA_PACK,20.879120879120876,0.0,0.0,20.879120879120876,1.3186813186813187,,,,0.05627048185158082,0.989549196914032
Tc,d,PENTA_FLOWER,64.49275362318839,0.0,0.0,64.49275362318839,1.0144927536231882,,,,0.05836064246877442,0.989549196914032
Tc,d,HEPTA_FLOWER,71.42857142857144,0.0,0.0,71.42857142857144,0.9523809523809522,,,,0.06045080308596802,0.989549196914032
Th,f,BIN_DIPOLE,22.275129024330298,0.0,0.0,22.275129024330298,0.5836814942246252,,,,0.10134459063642365,0.7432770468178818
Th,f,TRI_RING,19.083969465648856,0.0,0.0,19.083969465648856,0.6870229007633588,,,,0.1526891812728473,0.7432770468178818
Th,f,TETRA_PACK,5.494505494505494,0.0,0.0,5.494505494505494,0.989010989010989,,,,0.20403377190927097,0.7432770468178818
Th,f,PENTA_FLOWER,35.326086956521735,0.0,0.0,35.326086956521735,0.6521739130434782,,,,0.2553783625456946,0.7432770468178818
Th,f,HEPTA_FLOWER,40.27777777777777,0.0,0.0,40.27777777777777,0.5555555555555555,,,,0.30672295318211823,0.7432770468178818
Ti,d,BIN_DIPOLE,0.4669451953797001,0.0,0.0,0.4669451953797001,1.1059228311624476,,,,0.07308392402755358,0.8845803798622321
Ti,d,TRI_RING,98.47328244274806,0.0,0.0,98.47328244274806,0.15267175572519084,,,,0.09616784805510714,0.8845803798622321
Ti,d,TETRA_PACK,20.879120879120876,0.0,0.0,20.879120879120876,1.3186813186813187,,,,0.11925177208266072,0.8845803798622321
Ti,d,PENTA_FLOWER,64.49275362318839,0.0,0.0,64.49275362318839,1.0144927536231882,,,,0.1423356961102143,0.8845803798622321
Ti,d,HEPTA_FLOWER,71.42857142857144,0.0,0.0,71.42857142857144,0.9523809523809522,,,,0.16541962013776784,0.8845803798622321
Tl,p,BIN_DIPOLE,0.4669451953797001,0.0,0.0,0.4669451953797001,1.1059228311624476,,,,0.11330126342009948,0.6834936828995026
Tl,p,TRI_RING,98.47328244274806,0.0,0.0,98.47328244274806,0.15267175572519084,,,,0.17660252684019895,0.6834936828995026
Tl,p,TETRA_PACK,20.879120879120876,0.0,0.0,20.879120879120876,1.3186813186813187,,,,0.2399037902602984,0.6834936828995026
Tl,p,PENTA_FLOWER,64.49275362318839,0.0,0.0,64.49275362318839,1.0144927536231882,,,,0.3032050536803979,0.6834936828995026
Tl,p,HEPTA_FLOWER,71.42857142857144,0.0,0.0,71.42857142857144,0.9523809523809522,,,,0.36650631710049736,0.6834936828995026
V,d,BIN_DIPOLE,0.4669451953797001,0.0,0.0,0.4669451953797001,1.1059228311624476,,,,0.08358586646652633,0.8320706676673684
V,d,TRI_RING,98.47328244274806,0.0,0.0,98.47328244274806,0.15267175572519084,,,,0.11717173293305266,0.8320706676673684
V,d,TETRA_PACK,20.879120879120876,0.0,0.0,20.879120879120876,1.3186813186813187,,,,0.15075759939957897,0.8320706676673684
V,d,PENTA_FLOWER,64.49275362318839,0.0,0.0,64.49275362318839,1.0144927536231882,,,,0.18434346586610534,0.8320706676673684
V,d,HEPTA_FLOWER,71.42857142857144,0.0,0.0,71.42857142857144,0.9523809523809522,,,,0.21792933233263162,0.8320706676673684
W,d,BIN_DIPOLE,7.471123126075201,0.0,0.0,7.471123126075201,4.42369132464979,,,,0.07151408882691897,0.8924295558654052
W,d,TRI_RING,1575.572519083969,0.0,0.0,1575.572519083969,0.6106870229007634,,,,0.09302817765383793,0.8924295558654052
W,d,TETRA_PACK,334.065934065934,0.0,0.0,334.065934065934,5.274725274725275,,,,0.1145422664807569,0.8924295558654052
W,d,PENTA_FLOWER,1031.8840579710143,0.0,0.0,1031.8840579710143,4.057971014492753,,,,0.13605635530767585,0.8924295558654052
W,d,HEPTA_FLOWER,1142.8571428571431,0.0,0.0,1142.8571428571431,3.809523809523809,,,,0.1575704441345948,0.8924295558654052
Y,d,BIN_DIPOLE,0.4669451953797001,0.0,0.0,0.4669451953797001,1.1059228311624476,,,,0.07375079558706238,0.8812460220646882
Y,d,TRI_RING,98.47328244274806,0.0,0.0,98.47328244274806,0.15267175572519084,,,,0.09750159117412474,0.8812460220646882
Y,d,TETRA_PACK,20.879120879120876,0.0,0.0,20.879120879120876,1.3186813186813187,,,,0.1212523867611871,0.8812460220646882
Y,d,PENTA_FLOWER,64.49275362318839,0.0,0.0,64.49275362318839,1.0144927536231882,,,,0.1450031823482495,0.8812460220646882
Y,d,HEPTA_FLOWER,71.42857142857144,0.0,0.0,71.42857142857144,0.9523809523809522,,,,0.16875397793531183,0.8812460220646882
Yb,f,BIN_DIPOLE,0.4669451953797001,0.0,0.0,0.4669451953797001,1.1059228311624476,,,,0.08137060701976073,0.8431469649011963
Yb,f,TRI_RING,98.47328244274806,0.0,0.0,98.47328244274806,0.15267175572519084,,,,0.11274121403952148,0.8431469649011963
Yb,f,TETRA_PACK,20.879120879120876,0.0,0.0,20.879120879120876,1.3186813186813187,,,,0.1441118210592822,0.8431469649011963
Yb,f,PENTA_FLOWER,64.49275362318839,0.0,0.0,64.49275362318839,1.0144927536231882,,,,0.17548242807904296,0.8431469649011963
Yb,f,HEPTA_FLOWER,71.42857142857144,0.0,0.0,71.42857142857144,0.9523809523809522,,,,0.20685303509880365,0.8431469649011963
Zn,d,BIN_DIPOLE,0.4669451953797001,0.0,0.0,0.4669451953797001,1.1059228311624476,,,,0.11960984803051247,0.6519507598474377
Zn,d,TRI_RING,98.47328244274806,0.0,0.0,98.47328244274806,0.15267175572519084,,,,0.18921969606102496,0.6519507598474377
Zn,d,TETRA_PACK,20.879120879120876,0.0,0.0,20.879120879120876,1.3186813186813187,,,,0.2588295440915374,0.6519507598474377
Zn,d,PENTA_FLOWER,64.49275362318839,0.0,0.0,64.49275362318839,1.0144927536231882,,,,0.32843939212204987,0.6519507598474377
Zn,d,HEPTA_FLOWER,71.42857142857144,0.0,0.0,71.42857142857144,0.9523809523809522,,,,0.3980492401525623,0.6519507598474377
Zr,d,BIN_DIPOLE,0.4669451953797001,0.0,0.0,0.4669451953797001,1.1059228311624476,,,,0.09599159977127628,0.7700420011436186
Zr,d,TRI_RING,98.47328244274806,0.0,0.0,98.47328244274806,0.15267175572519084,,,,0.14198319954255256,0.7700420011436186
Zr,d,TETRA_PACK,20.879120879120876,0.0,0.0,20.879120879120876,1.3186813186813187,,,,0.18797479931382882,0.7700420011436186
Zr,d,PENTA_FLOWER,64.49275362318839,0.0,0.0,64.49275362318839,1.0144927536231882,,,,0.23396639908510508,0.7700420011436186
Zr,d,HEPTA_FLOWER,71.42857142857144,0.0,0.0,71.42857142857144,0.9523809523809522,,,,0.27995799885638134,0.7700420011436186
