name,category,hypothesis_winner,f_base_used,Fm_raw,Fm_corr,N_value,delta_value,predicted_noise,z_noise,p_shuffle,p_lognorm,p_gamma,spearman_rho,spearman_ci_low,spearman_ci_high,cliffs_delta
(BEDT-TTF)2Cu(NCS)2,SC_Molecular,Fm,4.665463717730834,14.423076923076923,14.423076923076923,3.0914562400866665,0.09145624008666653,,,0.0,0.0,0.035,0.30344733635217946,-0.033262500292313625,0.6015933505131507,-0.3484848484848485
(BEDT-TTF)2Cu[N(CN)2]Br,SC_Molecular,Fm,4.665463717730834,13.362068965517242,13.362068965517242,2.8640387695515552,0.13596123044844477,,,0.0,0.0,0.035,0.30344733635217946,-0.033262500292313625,0.6015933505131507,-0.3484848484848485
(BEDT-TTF)2I3,SC_Molecular,Fm,4.665463717730834,93.33333333333333,93.33333333333333,20.005156824738602,0.005156824738602239,,,0.0,0.0,0.035,0.30344733635217946,-0.033262500292313625,0.6015933505131507,-0.3484848484848485
(La0.5Y0.5)H8,SC_HighPressure,Fm,4.2785915724700025,6.482758620689655,6.482758620689655,1.5151618262425552,0.48483817375744476,,,0.0,0.0,0.035,0.30344733635217946,-0.033262500292313625,0.6015933505131507,-0.3484848484848485
(La0.925Sr0.075)2CuO4,SC_Oxide,Fm,2.334226185351896,17.5,17.5,7.497131216254345,0.49713121625434464,,,0.0,0.0,0.035,0.30344733635217946,-0.033262500292313625,0.6015933505131507,-0.3484848484848485
(LaY)H10,SC_HighPressure,Fm,4.2785915724700025,4.426877470355731,4.426877470355731,1.0346576426784584,0.03465764267845839,,,0.0,0.0,0.035,0.30344733635217946,-0.033262500292313625,0.6015933505131507,-0.3484848484848485
(LaY)H4,SC_HighPressure,Fm,4.2785915724700025,8.631578947368421,8.631578947368421,2.0173879187036934,0.017387918703693384,,,0.0,0.0,0.035,0.30344733635217946,-0.033262500292313625,0.6015933505131507,-0.3484848484848485
(LaY)H6,SC_HighPressure,Fm,4.2785915724700025,5.0256410256410255,5.0256410256410255,1.1746017212715063,0.1746017212715063,,,0.0,0.0,0.035,0.30344733635217946,-0.033262500292313625,0.6015933505131507,-0.3484848484848485
(TMTSF)2AsF6,SC_Molecular,Fm,4.665463717730834,168.18181818181816,168.18181818181816,36.048253369253,0.04825336925299695,,,0.0,0.0,0.035,0.30344733635217946,-0.033262500292313625,0.6015933505131507,-0.3484848484848485
(TMTSF)2ClO4,SC_Molecular,Fm,4.665463717730834,135.71428571428572,135.71428571428572,29.089131097196443,0.08913109719644297,,,0.0,0.0,0.035,0.30344733635217946,-0.033262500292313625,0.6015933505131507,-0.3484848484848485
(TMTSF)2PF6 (under P),SC_Molecular,Fm,4.665463717730834,181.8181818181818,181.8181818181818,38.97108472351676,0.028915276483239438,,,0.0,0.0,0.035,0.30344733635217946,-0.033262500292313625,0.6015933505131507,-0.3484848484848485
1T-TaS2 (pressure 4 GPa),SC_Binary,Fm,4.156899291773667,36.36363636363637,36.36363636363637,8.747779008165656,0.2522209918343439,,,0.0,0.0,0.035,0.30344733635217946,-0.033262500292313625,0.6015933505131507,-0.3484848484848485
1T'-MoTe2,SC_Binary,Fm,4.156899291773667,2000.0,2000.0,481.1278454491111,0.12784544911107787,,,0.0,0.0,0.035,0.30344733635217946,-0.033262500292313625,0.6015933505131507,-0.3484848484848485
1T'-WTe2,SC_Binary,Fm,4.156899291773667,3900.0,3900.0,938.1992986257666,0.19929862576657342,,,0.0,0.0,0.035,0.30344733635217946,-0.033262500292313625,0.6015933505131507,-0.3484848484848485
2H-NbS2,SC_Binary,Fm,4.156899291773667,41.666666666666664,41.666666666666664,10.023496780189813,0.023496780189812938,,,0.0,0.0,0.035,0.30344733635217946,-0.033262500292313625,0.6015933505131507,-0.3484848484848485
2H-NbSe2,SC_Binary,Fm,4.156899291773667,27.77777777777778,12.30186106592313,2.9593839548309506,0.040616045169049375,1.2580142653963011,1.1950036424841102,0.0,0.0,0.035,0.30344733635217946,-0.033262500292313625,0.6015933505131507,-0.3484848484848485
2H-NbSe2,SC_Binary,Fm,4.156899291773667,27.77777777777778,12.30186106592313,2.9593839548309506,0.040616045169049375,1.2580142653963011,1.1950036424841102,0.0,0.0,0.035,0.30344733635217946,-0.033262500292313625,0.6015933505131507,-0.3484848484848485
2H-Pd0.08TaSe2,SC_Binary,Fm,4.156899291773667,78.7878787878788,78.7878787878788,18.953521184358923,0.04647881564107692,,,0.0,0.0,0.035,0.30344733635217946,-0.033262500292313625,0.6015933505131507,-0.3484848484848485
2H-TaS2,SC_Binary,Fm,4.156899291773667,300.0,300.0,72.16917681736666,0.16917681736666168,,,0.0,0.0,0.035,0.30344733635217946,-0.033262500292313625,0.6015933505131507,-0.3484848484848485
2H-TaS2 (thin 3.5nm),SC_Binary,Fm,4.156899291773667,109.09090909090908,109.09090909090908,26.243337024496967,0.2433370244969666,,,0.0,0.0,0.035,0.30344733635217946,-0.033262500292313625,0.6015933505131507,-0.3484848484848485
2H-TaSe2,SC_Binary,Fm,4.156899291773667,1785.7142857142856,1785.7142857142856,429.5784334367063,0.4215665632937089,,,0.0,0.0,0.035,0.30344733635217946,-0.033262500292313625,0.6015933505131507,-0.3484848484848485
2H-VSe2,SC_Binary,Fm,4.156899291773667,1200.0,1200.0,288.67670726946665,0.3232927305333533,,,0.0,0.0,0.035,0.30344733635217946,-0.033262500292313625,0.6015933505131507,-0.3484848484848485
2M-WS2,SC_Binary,Fm,4.156899291773667,29.545454545454543,29.545454545454543,7.107570444134595,0.10757044413459482,,,0.0,0.0,0.035,0.30344733635217946,-0.033262500292313625,0.6015933505131507,-0.3484848484848485
2M-WS2 (thin <20nm),SC_Binary,Fm,4.156899291773667,29.545454545454543,29.545454545454543,7.107570444134595,0.10757044413459482,,,0.0,0.0,0.035,0.30344733635217946,-0.033262500292313625,0.6015933505131507,-0.3484848484848485
3R-Ta0.9Mo0.1Se2,SC_Binary,Fm,4.156899291773667,67.10526315789474,67.10526315789474,16.143105340726756,0.14310534072675551,,,0.0,0.0,0.035,0.30344733635217946,-0.033262500292313625,0.6015933505131507,-0.3484848484848485
3R-Ta0.9W0.1Se2,SC_Binary,Fm,4.156899291773667,57.77777777777778,57.77777777777778,13.899248868529876,0.10075113147012438,,,0.0,0.0,0.035,0.30344733635217946,-0.033262500292313625,0.6015933505131507,-0.3484848484848485
4H-NbSe2,SC_Binary,Fm,4.156899291773667,30.76923076923077,30.76923076923077,7.401966853063247,0.4019668530632474,,,0.0,0.0,0.035,0.30344733635217946,-0.033262500292313625,0.6015933505131507,-0.3484848484848485
4H-TaS2,SC_Binary,Fm,4.156899291773667,100.00000000000001,100.00000000000001,24.056392272455557,0.056392272455557446,,,0.0,0.0,0.035,0.30344733635217946,-0.033262500292313625,0.6015933505131507,-0.3484848484848485
4Hb-TaS2,SC_Binary,Fm,4.156899291773667,81.48148148148148,81.48148148148148,19.601504814593415,0.3984951854065848,,,0.0,0.0,0.035,0.30344733635217946,-0.033262500292313625,0.6015933505131507,-0.3484848484848485
AcH10,SC_HighPressure,Fm,4.2785915724700025,5.764705882352941,5.764705882352941,1.347337268517316,0.34733726851731594,,,0.0,0.0,0.035,0.30344733635217946,-0.033262500292313625,0.6015933505131507,-0.3484848484848485
Al,SC_TypeI,Fm,4.829836290046916,356.6666666666667,356.6666666666667,73.84653334972604,0.15346665027395545,,,0.0,0.0,0.035,0.30344733635217946,-0.033262500292313625,0.6015933505131507,-0.3484848484848485
AlH3,SC_HighPressure,Fm,4.2785915724700025,10.0,10.0,2.337217710693303,0.3372177106933032,,,0.0,0.0,0.035,0.30344733635217946,-0.033262500292313625,0.6015933505131507,-0.3484848484848485
Am,SC_TypeII,Fm,2.4872065856887278,216.66666666666669,216.66666666666669,87.11245294755841,0.11245294755840973,,,0.0,0.0,0.035,0.30344733635217946,-0.033262500292313625,0.6015933505131507,-0.3484848484848485
AsH3,SC_HighPressure,Fm,4.2785915724700025,7.8,7.8,1.8230298143407766,0.1769701856592234,,,0.0,0.0,0.035,0.30344733635217946,-0.033262500292313625,0.6015933505131507,-0.3484848484848485
B2H6,SC_HighPressure,Fm,4.2785915724700025,7.04,7.04,1.6454012683280854,0.3545987316719146,,,0.0,0.0,0.035,0.30344733635217946,-0.033262500292313625,0.6015933505131507,-0.3484848484848485
Ba(Fe0.8Co0.2)2As2,SC_IronBased,Fm,1.0897223768764928,9.881422924901186,9.881422924901186,9.067835197827756,0.06783519782775649,,,0.0,0.0,0.035,0.30344733635217946,-0.033262500292313625,0.6015933505131507,-0.3484848484848485
Ba(Fe0.8Co0.2)2As2,SC_IronBased,Fm,1.0897223768764928,9.881422924901186,9.881422924901186,9.067835197827756,0.06783519782775649,,,0.0,0.0,0.035,0.30344733635217946,-0.033262500292313625,0.6015933505131507,-0.3484848484848485
Ba(Fe0.9Co0.1)2As2,SC_IronBased,Fm,1.0897223768764928,11.363636363636363,11.363636363636363,10.428010477501921,0.4280104775019211,,,0.0,0.0,0.035,0.30344733635217946,-0.033262500292313625,0.6015933505131507,-0.3484848484848485
Ba(Fe0.9Co0.1)2As2,SC_IronBased,Fm,1.0897223768764928,11.363636363636363,11.363636363636363,10.428010477501921,0.4280104775019211,,,0.0,0.0,0.035,0.30344733635217946,-0.033262500292313625,0.6015933505131507,-0.3484848484848485
Ba0.6K0.4BiO3,SC_Oxide,Fm,2.334226185351896,10.0,10.0,4.284074980716768,0.28407498071676773,,,0.0,0.0,0.035,0.30344733635217946,-0.033262500292313625,0.6015933505131507,-0.3484848484848485
Ba0.6K0.4Fe2As2,SC_IronBased,Fm,1.0897223768764928,6.578947368421052,2.7246950334469346,2.5003570553968233,0.4996429446031767,1.4145628364500715,2.1499246540558614,0.0,0.0,0.035,0.30344733635217946,-0.033262500292313625,0.6015933505131507,-0.3484848484848485
Ba0.6K0.4Fe2As2,SC_IronBased,Fm,1.0897223768764928,6.578947368421052,2.7246950334469346,2.5003570553968233,0.4996429446031767,1.4145628364500715,2.1499246540558614,0.0,0.0,0.035,0.30344733635217946,-0.033262500292313625,0.6015933505131507,-0.3484848484848485
BaC6,SC_Binary,Fm,4.156899291773667,4461.538461538461,4461.538461538461,1073.2851936941706,0.2851936941706299,,,0.0,0.0,0.035,0.30344733635217946,-0.033262500292313625,0.6015933505131507,-0.3484848484848485
BaFe2(As0.67P0.33)2,SC_IronBased,Fm,1.0897223768764928,8.064516129032258,5.5282715427926075,5.073100874223098,0.07310087422309763,0.4587771361459692,-0.1339896384963991,0.0,0.0,0.035,0.30344733635217946,-0.033262500292313625,0.6015933505131507,-0.3484848484848485
BaFe2(As0.67P0.33)2,SC_IronBased,Fm,1.0897223768764928,8.064516129032258,5.5282715427926075,5.073100874223098,0.07310087422309763,0.4587771361459692,-0.1339896384963991,0.0,0.0,0.035,0.30344733635217946,-0.033262500292313625,0.6015933505131507,-0.3484848484848485
BaFe2(As0.7P0.3)2,SC_IronBased,Fm,1.0897223768764928,8.333333333333334,6.778437305949157,6.220334141782438,0.2203341417824376,0.2293885680729846,-0.6821290687089419,0.0,0.0,0.035,0.30344733635217946,-0.033262500292313625,0.6015933505131507,-0.3484848484848485
BaFe2(As0.7P0.3)2,SC_IronBased,Fm,1.0897223768764928,8.333333333333334,6.778437305949157,6.220334141782438,0.2203341417824376,0.2293885680729846,-0.6821290687089419,0.0,0.0,0.035,0.30344733635217946,-0.033262500292313625,0.6015933505131507,-0.3484848484848485
BaH12,SC_HighPressure,Fm,4.2785915724700025,6.642857142857143,6.642857142857143,1.552580336389123,0.4474196636108769,,,0.0,0.0,0.035,0.30344733635217946,-0.033262500292313625,0.6015933505131507,-0.3484848484848485
BaH6,SC_HighPressure,Fm,4.2785915724700025,11.428571428571429,11.428571428571429,2.671105955078061,0.3288940449219391,,,0.0,0.0,0.035,0.30344733635217946,-0.033262500292313625,0.6015933505131507,-0.3484848484848485
BaPb0.75Bi0.25O3,SC_Oxide,Fm,2.334226185351896,23.333333333333332,23.333333333333332,9.996174955005792,0.0038250449942083264,,,0.0,0.0,0.035,0.30344733635217946,-0.033262500292313625,0.6015933505131507,-0.3484848484848485
BeAu,SC_TypeI,Fm,4.829836290046916,118.75,77.29294491891228,16.00322252706447,0.0032225270644694604,0.5363627317419482,0.0,0.0,0.0,0.035,0.30344733635217946,-0.033262500292313625,0.6015933505131507,-0.3484848484848485
BeAu,SC_TypeI,Fm,4.829836290046916,118.75,77.29294491891228,16.00322252706447,0.0032225270644694604,0.5363627317419482,0.0,0.0,0.0,0.035,0.30344733635217946,-0.033262500292313625,0.6015933505131507,-0.3484848484848485
BH,SC_HighPressure,Fm,4.2785915724700025,16.666666666666668,16.666666666666668,3.8953628511555056,0.10463714884449438,,,0.0,0.0,0.035,0.30344733635217946,-0.033262500292313625,0.6015933505131507,-0.3484848484848485
Bi2Sr2Ca2Cu3O10 (Bi-2223),SC_Oxide,Fm,2.334226185351896,3.727272727272727,3.727272727272727,1.5967915837217044,0.4032084162782956,,,0.0,0.0,0.035,0.30344733635217946,-0.033262500292313625,0.6015933505131507,-0.3484848484848485
Bi2Sr2CaCu2O8 (Bi-2212),SC_Oxide,Fm,2.334226185351896,4.444444444444445,4.444444444444445,1.9040333247630081,0.09596667523699187,,,0.0,0.0,0.035,0.30344733635217946,-0.033262500292313625,0.6015933505131507,-0.3484848484848485
Ca10(Pt3As8)(Fe2As2)5,SC_IronBased,Fm,1.0897223768764928,8.0,4.285915490445293,3.9330343043245146,0.06696569567548538,0.8665790349423863,0.8404804596592323,0.0,0.0,0.035,0.30344733635217946,-0.033262500292313625,0.6015933505131507,-0.3484848484848485
Ca10(Pt3As8)(Fe2As2)5,SC_IronBased,Fm,1.0897223768764928,8.0,4.285915490445293,3.9330343043245146,0.06696569567548538,0.8665790349423863,0.8404804596592323,0.0,0.0,0.035,0.30344733635217946,-0.033262500292313625,0.6015933505131507,-0.3484848484848485
Ca10(Pt3As8)(Fe2As2)5,SC_IronBased,Fm,1.0897223768764928,8.0,4.285915490445293,3.9330343043245146,0.06696569567548538,0.8665790349423863,0.8404804596592323,0.0,0.0,0.035,0.30344733635217946,-0.033262500292313625,0.6015933505131507,-0.3484848484848485
Ca10(Pt3As8)(Fe2As2)5,SC_IronBased,Fm,1.0897223768764928,8.0,4.285915490445293,3.9330343043245146,0.06696569567548538,0.8665790349423863,0.8404804596592323,0.0,0.0,0.035,0.30344733635217946,-0.033262500292313625,0.6015933505131507,-0.3484848484848485
CaAlSi,SC_Binary,Fm,4.156899291773667,40.25974025974026,40.25974025974026,9.685041044754835,0.3149589552451655,,,0.0,0.0,0.035,0.30344733635217946,-0.033262500292313625,0.6015933505131507,-0.3484848484848485
CaC6,SC_Binary,Fm,4.156899291773667,26.08695652173913,26.08695652173913,6.275580592814492,0.2755805928144923,,,0.0,0.0,0.035,0.30344733635217946,-0.033262500292313625,0.6015933505131507,-0.3484848484848485
CaFe0.88Co0.12AsF,SC_IronBased,Fm,1.0897223768764928,11.737089201877934,7.113670751092935,6.527966115078856,0.47203388492114406,0.6499342762067897,0.322793220014053,0.0,0.0,0.035,0.30344733635217946,-0.033262500292313625,0.6015933505131507,-0.3484848484848485
CaFe0.88Co0.12AsF,SC_IronBased,Fm,1.0897223768764928,11.737089201877934,7.113670751092935,6.527966115078856,0.47203388492114406,0.6499342762067897,0.322793220014053,0.0,0.0,0.035,0.30344733635217946,-0.033262500292313625,0.6015933505131507,-0.3484848484848485
CaH10,SC_HighPressure,Fm,4.2785915724700025,5.024630541871921,5.024630541871921,1.1743655492153542,0.1743655492153542,,,0.0,0.0,0.035,0.30344733635217946,-0.033262500292313625,0.6015933505131507,-0.3484848484848485
CaH6,SC_HighPressure,Fm,4.2785915724700025,4.186046511627907,4.186046511627907,0.9783702044762665,0.021629795523733453,,,0.0,0.0,0.035,0.30344733635217946,-0.033262500292313625,0.6015933505131507,-0.3484848484848485
Cd,SC_TypeI,Fm,4.829836290046916,401.9230769230769,401.9230769230769,83.21670814212479,0.21670814212478717,,,0.0,0.0,0.035,0.30344733635217946,-0.033262500292313625,0.6015933505131507,-0.3484848484848485
CeCoIn5,SC_HeavyFermion,Fm,2.3074399382884696,108.69565217391305,108.69565217391305,47.10660085676485,0.10660085676484954,,,0.0,0.0,0.035,0.30344733635217946,-0.033262500292313625,0.6015933505131507,-0.3484848484848485
CeCu2Si2,SC_HeavyFermion,Fm,2.3074399382884696,314.2857142857143,314.2857142857143,136.2053716201315,0.20537162013150123,,,0.0,0.0,0.035,0.30344733635217946,-0.033262500292313625,0.6015933505131507,-0.3484848484848485
CeH10,SC_HighPressure,Fm,4.2785915724700025,7.2,7.2,1.6827967516991784,0.3172032483008216,,,0.0,0.0,0.035,0.30344733635217946,-0.033262500292313625,0.6015933505131507,-0.3484848484848485
CeH9,SC_HighPressure,Fm,4.2785915724700025,7.6521739130434785,7.6521739130434785,1.7884796394870495,0.21152036051295053,,,0.0,0.0,0.035,0.30344733635217946,-0.033262500292313625,0.6015933505131507,-0.3484848484848485
CeIrIn5,SC_HeavyFermion,Fm,2.3074399382884696,600.0,600.0,260.02843672934193,0.028436729341933642,,,0.0,0.0,0.035,0.30344733635217946,-0.033262500292313625,0.6015933505131507,-0.3484848484848485
CeRhIn5,SC_HeavyFermion,Fm,2.3074399382884696,119.04761904761904,119.04761904761904,51.59294379550435,0.40705620449565316,,,0.0,0.0,0.035,0.30344733635217946,-0.033262500292313625,0.6015933505131507,-0.3484848484848485
CH4-H2 (clathrate),SC_HighPressure,Fm,4.2785915724700025,6.133333333333334,6.133333333333334,1.4334935292252262,0.4334935292252262,,,0.0,0.0,0.035,0.30344733635217946,-0.033262500292313625,0.6015933505131507,-0.3484848484848485
CoH5,SC_HighPressure,Fm,4.2785915724700025,12.894736842105264,12.894736842105264,3.013780732209786,0.013780732209785818,,,0.0,0.0,0.035,0.30344733635217946,-0.033262500292313625,0.6015933505131507,-0.3484848484848485
Cr3Si,SC_Binary,Fm,4.156899291773667,76.59574468085106,76.59574468085106,18.42617280443404,0.4261728044340387,,,0.0,0.0,0.035,0.30344733635217946,-0.033262500292313625,0.6015933505131507,-0.3484848484848485
CrH6,SC_HighPressure,Fm,4.2785915724700025,12.380952380952381,12.380952380952381,2.893698118001233,0.10630188199876711,,,0.0,0.0,0.035,0.30344733635217946,-0.033262500292313625,0.6015933505131507,-0.3484848484848485
Cs3C60,SC_Molecular,Fm,4.665463717730834,3.0303030303030303,3.0303030303030303,0.6495180787252793,0.35048192127472066,,,0.0,0.0,0.035,0.30344733635217946,-0.033262500292313625,0.6015933505131507,-0.3484848484848485
CsC8,SC_Binary,Fm,4.156899291773667,22500.0,22500.0,5412.6882613025,0.3117386975000045,,,0.0,0.0,0.035,0.30344733635217946,-0.033262500292313625,0.6015933505131507,-0.3484848484848485
CuMo6S8,SC_Binary,Fm,4.156899291773667,18.055555555555554,18.055555555555554,4.343515271415586,0.343515271415586,,,0.0,0.0,0.035,0.30344733635217946,-0.033262500292313625,0.6015933505131507,-0.3484848484848485
EuMo6S8,SC_Binary,Fm,4.156899291773667,30.76923076923077,30.76923076923077,7.401966853063247,0.4019668530632474,,,0.0,0.0,0.035,0.30344733635217946,-0.033262500292313625,0.6015933505131507,-0.3484848484848485
FeH5,SC_HighPressure,Fm,4.2785915724700025,11.956521739130435,11.956521739130435,2.7944994366985147,0.20550056330148525,,,0.0,0.0,0.035,0.30344733635217946,-0.033262500292313625,0.6015933505131507,-0.3484848484848485
FeSe,SC_IronBased,Fm,1.0897223768764928,28.809523809523807,26.144118516206873,23.991540479461037,0.008459520538963261,0.1019504746991042,-0.9866509743825767,0.0,0.0,0.035,0.30344733635217946,-0.033262500292313625,0.6015933505131507,-0.3484848484848485
FeSe,SC_IronBased,Fm,1.0897223768764928,28.809523809523807,26.144118516206873,23.991540479461037,0.008459520538963261,0.1019504746991042,-0.9866509743825767,0.0,0.0,0.035,0.30344733635217946,-0.033262500292313625,0.6015933505131507,-0.3484848484848485
FeSe,SC_IronBased,Fm,1.0897223768764928,28.809523809523807,26.144118516206873,23.991540479461037,0.008459520538963261,0.1019504746991042,-0.9866509743825767,0.0,0.0,0.035,0.30344733635217946,-0.033262500292313625,0.6015933505131507,-0.3484848484848485
FeSe,SC_IronBased,Fm,1.0897223768764928,28.809523809523807,26.144118516206873,23.991540479461037,0.008459520538963261,0.1019504746991042,-0.9866509743825767,0.0,0.0,0.035,0.30344733635217946,-0.033262500292313625,0.6015933505131507,-0.3484848484848485
FeSe (monolayer on STO),SC_IronBased,Fm,1.0897223768764928,4.4,4.4,4.037725656888744,0.0377256568887443,,,0.0,0.0,0.035,0.30344733635217946,-0.033262500292313625,0.6015933505131507,-0.3484848484848485
FeSe0.5Te0.5,SC_IronBased,Fm,1.0897223768764928,16.551724137931036,16.551724137931036,15.188936640333834,0.18893664033383395,,,0.0,0.0,0.035,0.30344733635217946,-0.033262500292313625,0.6015933505131507,-0.3484848484848485
FeSe0.7Te0.3,SC_IronBased,Fm,1.0897223768764928,12.25,12.25,11.24139529474707,0.2413952947470701,,,0.0,0.0,0.035,0.30344733635217946,-0.033262500292313625,0.6015933505131507,-0.3484848484848485
FeSe1-xSx (x=0.17),SC_IronBased,Fm,1.0897223768764928,25.0,25.0,22.941623050504226,0.058376949495773545,,,0.0,0.0,0.035,0.30344733635217946,-0.033262500292313625,0.6015933505131507,-0.3484848484848485
FeTe0.6Se0.4,SC_IronBased,Fm,1.0897223768764928,16.551724137931036,16.551724137931036,15.188936640333834,0.18893664033383395,,,0.0,0.0,0.035,0.30344733635217946,-0.033262500292313625,0.6015933505131507,-0.3484848484848485
FeTe0.6Se0.4,SC_IronBased,Fm,1.0897223768764928,16.551724137931036,16.551724137931036,15.188936640333834,0.18893664033383395,,,0.0,0.0,0.035,0.30344733635217946,-0.033262500292313625,0.6015933505131507,-0.3484848484848485
GaH3,SC_HighPressure,Fm,4.2785915724700025,8.837209302325581,8.837209302325581,2.065448209449896,0.06544820944989604,,,0.0,0.0,0.035,0.30344733635217946,-0.033262500292313625,0.6015933505131507,-0.3484848484848485
GdH9,SC_HighPressure,Fm,4.2785915724700025,8.775510204081632,8.775510204081632,2.0510277869349394,0.05102778693493937,,,0.0,0.0,0.035,0.30344733635217946,-0.033262500292313625,0.6015933505131507,-0.3484848484848485
GeH4,SC_HighPressure,Fm,4.2785915724700025,25.333333333333332,25.333333333333332,5.920951533756368,0.07904846624363238,,,0.0,0.0,0.035,0.30344733635217946,-0.033262500292313625,0.6015933505131507,-0.3484848484848485
H3S,SC_HighPressure,Fm,4.2785915724700025,6.403940886699507,6.403940886699507,1.4967404058627065,0.4967404058627065,,,0.0,0.0,0.035,0.30344733635217946,-0.033262500292313625,0.6015933505131507,-0.3484848484848485
H6SBr,SC_HighPressure,Fm,4.2785915724700025,7.565217391304348,7.565217391304348,1.7681560072201512,0.2318439927798488,,,0.0,0.0,0.035,0.30344733635217946,-0.033262500292313625,0.6015933505131507,-0.3484848484848485
H6SCl,SC_HighPressure,Fm,4.2785915724700025,7.0078740157480315,7.0078740157480315,1.63789272639137,0.36210727360862993,,,0.0,0.0,0.035,0.30344733635217946,-0.033262500292313625,0.6015933505131507,-0.3484848484848485
Helium-3 (He-3) B-phase,Superfluid,Fm,3.9953488372093022,1820.0,1820.0,455.52968568102443,0.47031431897556786,,,0.0,0.0,0.035,0.30344733635217946,-0.033262500292313625,0.6015933505131507,-0.3484848484848485
Helium-3 (He-3) B-phase,Superfluid,Fm,3.9953488372093022,1625.0,1625.0,406.72293364377185,0.277066356228147,,,0.0,0.0,0.035,0.30344733635217946,-0.033262500292313625,0.6015933505131507,-0.3484848484848485
Helium-4 (He-4),Superfluid,Fm,3.9953488372093022,3.9599411980889374,3.9599411980889374,0.9911377853191171,0.008862214680882885,,,0.0,0.0,0.035,0.30344733635217946,-0.033262500292313625,0.6015933505131507,-0.3484848484848485
Helium-4 (He-4),Superfluid,Fm,3.9953488372093022,3.9953488372093022,3.9953488372093022,1.0,0.0,,,0.0,0.0,0.035,0.30344733635217946,-0.033262500292313625,0.6015933505131507,-0.3484848484848485
Hf,SC_TypeII,Fm,2.4872065856887278,1861.5384615384614,1861.5384615384614,748.4454537269514,0.4454537269514276,,,0.0,0.0,0.035,0.30344733635217946,-0.033262500292313625,0.6015933505131507,-0.3484848484848485
HfH10,SC_HighPressure,Fm,4.2785915724700025,4.76595744680851,4.76595744680851,1.1139080153091487,0.11390801530914874,,,0.0,0.0,0.035,0.30344733635217946,-0.033262500292313625,0.6015933505131507,-0.3484848484848485
Hg,SC_TypeI,Fm,4.829836290046916,23.132530120481924,23.132530120481924,4.789506047679563,0.21049395232043722,,,0.0,0.0,0.035,0.30344733635217946,-0.033262500292313625,0.6015933505131507,-0.3484848484848485
HgBa2Ca2Cu3O8 (Hg-1223),SC_Oxide,Fm,2.334226185351896,3.185185185185185,3.185185185185185,1.3645572160801558,0.3645572160801558,,,0.0,0.0,0.035,0.30344733635217946,-0.033262500292313625,0.6015933505131507,-0.3484848484848485
In,SC_TypeI,Fm,4.829836290046916,37.82991202346041,37.82991202346041,7.832545401470107,0.16745459852989342,,,0.0,0.0,0.035,0.30344733635217946,-0.033262500292313625,0.6015933505131507,-0.3484848484848485
InH3,SC_HighPressure,Fm,4.2785915724700025,12.0,12.0,2.804661252831964,0.1953387471680359,,,0.0,0.0,0.035,0.30344733635217946,-0.033262500292313625,0.6015933505131507,-0.3484848484848485
InH5,SC_HighPressure,Fm,4.2785915724700025,14.074074074074074,14.074074074074074,3.289417518753538,0.28941751875353816,,,0.0,0.0,0.035,0.30344733635217946,-0.033262500292313625,0.6015933505131507,-0.3484848484848485
Ir,SC_TypeII,Fm,2.4872065856887278,3818.181818181818,3818.181818181818,1535.1285414534766,0.1285414534766005,,,0.0,0.0,0.035,0.30344733635217946,-0.033262500292313625,0.6015933505131507,-0.3484848484848485
IrO2,SC_Binary,Fm,4.156899291773667,960.0,960.0,230.9413658155733,0.05863418442669399,,,0.0,0.0,0.035,0.30344733635217946,-0.033262500292313625,0.6015933505131507,-0.3484848484848485
K3C60,SC_Molecular,Fm,4.665463717730834,6.666666666666667,6.666666666666667,1.4289397731956146,0.4289397731956146,,,0.0,0.0,0.035,0.30344733635217946,-0.033262500292313625,0.6015933505131507,-0.3484848484848485
KC8,SC_Binary,Fm,4.156899291773667,714.2857142857142,714.2857142857142,171.8313733746825,0.1686266253175006,,,0.0,0.0,0.035,0.30344733635217946,-0.033262500292313625,0.6015933505131507,-0.3484848484848485
KFe2As2,SC_IronBased,Fm,1.0897223768764928,68.42105263157895,68.42105263157895,62.78759992769577,0.2124000723042272,,,0.0,0.0,0.035,0.30344733635217946,-0.033262500292313625,0.6015933505131507,-0.3484848484848485
La,SC_TypeI,Fm,4.829836290046916,28.97959183673469,28.97959183673469,6.00011886457816,0.00011886457815979412,,,0.0,0.0,0.035,0.30344733635217946,-0.033262500292313625,0.6015933505131507,-0.3484848484848485
La2-xBaxCuO4 (x~0.125),SC_Oxide,Fm,2.334226185351896,11.833333333333334,11.833333333333334,5.0694887271815094,0.06948872718150945,,,0.0,0.0,0.035,0.30344733635217946,-0.033262500292313625,0.6015933505131507,-0.3484848484848485
La2-xSrxCuO4 (LSCO x~0.15),SC_Oxide,Fm,2.334226185351896,9.473684210526315,9.473684210526315,4.058597350152727,0.058597350152727046,,,0.0,0.0,0.035,0.30344733635217946,-0.033262500292313625,0.6015933505131507,-0.3484848484848485
LaB2,SC_Binary,Fm,4.156899291773667,13.333333333333334,6.680267825212089,1.6070314328836555,0.39296856711634454,0.995927960105405,0.5693472851625864,0.0,0.0,0.035,0.30344733635217946,-0.033262500292313625,0.6015933505131507,-0.3484848484848485
LaB2,SC_Binary,Fm,4.156899291773667,14.0,7.014281216472693,1.6873830045278382,0.3126169954721618,0.995927960105405,0.5693472851625864,0.0,0.0,0.035,0.30344733635217946,-0.033262500292313625,0.6015933505131507,-0.3484848484848485
LaBeH8,SC_HighPressure,Fm,4.2785915724700025,5.513513513513513,5.513513513513513,1.2886281431930644,0.2886281431930644,,,0.0,0.0,0.035,0.30344733635217946,-0.033262500292313625,0.6015933505131507,-0.3484848484848485
LaCeH18,SC_HighPressure,Fm,4.2785915724700025,5.617977528089888,5.617977528089888,1.313043657692867,0.313043657692867,,,0.0,0.0,0.035,0.30344733635217946,-0.033262500292313625,0.6015933505131507,-0.3484848484848485
LaFeAsO0.9F0.1,SC_IronBased,Fm,1.0897223768764928,10.76923076923077,8.759826672303525,8.03858566014961,0.038585660149610845,0.2293885680729846,-0.6821290687089419,0.0,0.0,0.035,0.30344733635217946,-0.033262500292313625,0.6015933505131507,-0.3484848484848485
LaFeAsO0.9F0.1,SC_IronBased,Fm,1.0897223768764928,10.76923076923077,8.759826672303525,8.03858566014961,0.038585660149610845,0.2293885680729846,-0.6821290687089419,0.0,0.0,0.035,0.30344733635217946,-0.033262500292313625,0.6015933505131507,-0.3484848484848485
LaH10,SC_HighPressure,Fm,4.2785915724700025,3.8,1.7456852636602194,0.40800465155229737,0.40800465155229737,1.176795599472754,0.0,0.0,0.0,0.035,0.30344733635217946,-0.033262500292313625,0.6015933505131507,-0.3484848484848485
LaH10,SC_HighPressure,Fm,4.2785915724700025,5.8,2.6644669813761244,0.6227439418429802,0.3772560581570198,1.176795599472754,0.0,0.0,0.0,0.035,0.30344733635217946,-0.033262500292313625,0.6015933505131507,-0.3484848484848485
LaH10,SC_HighPressure,Fm,4.2785915724700025,1.28,0.5880202993381791,0.137433145786037,0.137433145786037,1.176795599472754,0.0,0.0,0.0,0.035,0.30344733635217946,-0.033262500292313625,0.6015933505131507,-0.3484848484848485
LaH8,SC_HighPressure,Fm,4.2785915724700025,7.916666666666667,7.916666666666667,1.8502973542988652,0.14970264570113478,,,0.0,0.0,0.035,0.30344733635217946,-0.033262500292313625,0.6015933505131507,-0.3484848484848485
LaO0.9F0.1FeAs,SC_IronBased,Fm,1.0897223768764928,10.76923076923077,8.759826672303525,8.03858566014961,0.038585660149610845,0.2293885680729846,-0.6821290687089419,0.0,0.0,0.035,0.30344733635217946,-0.033262500292313625,0.6015933505131507,-0.3484848484848485
LaO0.9F0.1FeAs,SC_IronBased,Fm,1.0897223768764928,10.76923076923077,8.759826672303525,8.03858566014961,0.038585660149610845,0.2293885680729846,-0.6821290687089419,0.0,0.0,0.035,0.30344733635217946,-0.033262500292313625,0.6015933505131507,-0.3484848484848485
LaPt2Si2,SC_Binary,Fm,4.156899291773667,156.25,104.30824911724693,25.092801580175077,0.09280158017507745,0.4979639800527025,-0.6193997937483082,0.0,0.0,0.035,0.30344733635217946,-0.033262500292313625,0.6015933505131507,-0.3484848484848485
LaPt2Si2,SC_Binary,Fm,4.156899291773667,156.25,104.30824911724693,25.092801580175077,0.09280158017507745,0.4979639800527025,-0.6193997937483082,0.0,0.0,0.035,0.30344733635217946,-0.033262500292313625,0.6015933505131507,-0.3484848484848485
LaSc2H24,SC_HighPressure,Fm,4.2785915724700025,3.6253776435045317,3.6253776435045317,0.8473296836350345,0.15267031636496553,,,0.0,0.0,0.035,0.30344733635217946,-0.033262500292313625,0.6015933505131507,-0.3484848484848485
LaSr2H18,SC_HighPressure,Fm,4.2785915724700025,5.92814371257485,5.92814371257485,1.3855362476565092,0.3855362476565092,,,0.0,0.0,0.035,0.30344733635217946,-0.033262500292313625,0.6015933505131507,-0.3484848484848485
LaSr3H24,SC_HighPressure,Fm,4.2785915724700025,5.887573964497041,5.887573964497041,1.376054214283927,0.37605421428392694,,,0.0,0.0,0.035,0.30344733635217946,-0.033262500292313625,0.6015933505131507,-0.3484848484848485
LaSrH12,SC_HighPressure,Fm,4.2785915724700025,6.125,6.125,1.4315458477996483,0.43154584779964833,,,0.0,0.0,0.035,0.30344733635217946,-0.033262500292313625,0.6015933505131507,-0.3484848484848485
LaSrH21,SC_HighPressure,Fm,4.2785915724700025,5.023696682464455,5.023696682464455,1.1741472859407116,0.1741472859407116,,,0.0,0.0,0.035,0.30344733635217946,-0.033262500292313625,0.6015933505131507,-0.3484848484848485
LaThH12,SC_HighPressure,Fm,4.2785915724700025,5.666666666666667,5.666666666666667,1.324423369392872,0.324423369392872,,,0.0,0.0,0.035,0.30344733635217946,-0.033262500292313625,0.6015933505131507,-0.3484848484848485
LaYH20,SC_HighPressure,Fm,4.2785915724700025,4.426877470355731,4.426877470355731,1.0346576426784584,0.03465764267845839,,,0.0,0.0,0.035,0.30344733635217946,-0.033262500292313625,0.6015933505131507,-0.3484848484848485
Li2MgH16,SC_HighPressure,Fm,4.2785915724700025,3.06553911205074,3.06553911205074,0.7164832305508012,0.2835167694491988,,,0.0,0.0,0.035,0.30344733635217946,-0.033262500292313625,0.6015933505131507,-0.3484848484848485
LiFeAs,SC_IronBased,Fm,1.0897223768764928,15.0,15.0,13.764973830302536,0.23502616969746448,,,0.0,0.0,0.035,0.30344733635217946,-0.033262500292313625,0.6015933505131507,-0.3484848484848485
LiFeAs,SC_IronBased,Fm,1.0897223768764928,15.0,15.0,13.764973830302536,0.23502616969746448,,,0.0,0.0,0.035,0.30344733635217946,-0.033262500292313625,0.6015933505131507,-0.3484848484848485
LuB12,SC_Binary,Fm,4.156899291773667,2333.3333333333335,2333.3333333333335,561.3158196906296,0.3158196906296098,,,0.0,0.0,0.035,0.30344733635217946,-0.033262500292313625,0.6015933505131507,-0.3484848484848485
LuH3,SC_HighPressure,Fm,4.2785915724700025,54.83870967741935,54.83870967741935,12.817000348963276,0.18299965103672378,,,0.0,0.0,0.035,0.30344733635217946,-0.033262500292313625,0.6015933505131507,-0.3484848484848485
MgB2,SC_Binary,Fm,4.156899291773667,19.23076923076923,9.041387123446967,2.1750315532876874,0.17503155328768738,1.126971112750853,0.8821754638233483,0.0,0.0,0.035,0.30344733635217946,-0.033262500292313625,0.6015933505131507,-0.3484848484848485
MgB2,SC_Binary,Fm,4.156899291773667,20.82051282051282,9.78880845898525,2.354834161692803,0.354834161692803,1.126971112750853,0.8821754638233483,0.0,0.0,0.035,0.30344733635217946,-0.033262500292313625,0.6015933505131507,-0.3484848484848485
MgCNi3,SC_Binary,Fm,4.156899291773667,43.75,43.75,10.524671619199305,0.47532838080069517,,,0.0,0.0,0.035,0.30344733635217946,-0.033262500292313625,0.6015933505131507,-0.3484848484848485
MgH12,SC_HighPressure,Fm,4.2785915724700025,4.8979591836734695,4.8979591836734695,1.1447596950334546,0.14475969503345465,,,0.0,0.0,0.035,0.30344733635217946,-0.033262500292313625,0.6015933505131507,-0.3484848484848485
MgH6,SC_HighPressure,Fm,4.2785915724700025,4.354243542435424,4.354243542435424,1.017681512405202,0.017681512405202104,,,0.0,0.0,0.035,0.30344733635217946,-0.033262500292313625,0.6015933505131507,-0.3484848484848485
MnH8,SC_HighPressure,Fm,4.2785915724700025,9.444444444444445,9.444444444444445,2.207372282321453,0.20737228232145322,,,0.0,0.0,0.035,0.30344733635217946,-0.033262500292313625,0.6015933505131507,-0.3484848484848485
Mo,SC_TypeII,Fm,2.4872065856887278,489.1304347826087,489.1304347826087,196.65854762408668,0.34145237591332034,,,0.0,0.0,0.035,0.30344733635217946,-0.033262500292313625,0.6015933505131507,-0.3484848484848485
Mo3Al,SC_Binary,Fm,4.156899291773667,355.55555555555554,355.55555555555554,85.53383919095307,0.4661608090469258,,,0.0,0.0,0.035,0.30344733635217946,-0.033262500292313625,0.6015933505131507,-0.3484848484848485
Mo3Si,SC_Binary,Fm,4.156899291773667,240.31007751937983,240.31007751937983,57.80993491830404,0.1900650816959626,,,0.0,0.0,0.035,0.30344733635217946,-0.033262500292313625,0.6015933505131507,-0.3484848484848485
MoC,SC_Binary,Fm,4.156899291773667,38.46153846153846,38.46153846153846,9.252458566329059,0.25245856632905905,,,0.0,0.0,0.035,0.30344733635217946,-0.033262500292313625,0.6015933505131507,-0.3484848484848485
MoH11,SC_HighPressure,Fm,4.2785915724700025,6.418918918918919,6.418918918918919,1.500241098080161,0.49975890191983896,,,0.0,0.0,0.035,0.30344733635217946,-0.033262500292313625,0.6015933505131507,-0.3484848484848485
MoRe,SC_Binary,Fm,4.156899291773667,44.56521739130435,44.56521739130435,10.720783512724758,0.2792164872752423,,,0.0,0.0,0.035,0.30344733635217946,-0.033262500292313625,0.6015933505131507,-0.3484848484848485
Na2CsC60,SC_Molecular,Fm,4.665463717730834,9.583333333333334,9.583333333333334,2.0541009239686963,0.05410092396869626,,,0.0,0.0,0.035,0.30344733635217946,-0.033262500292313625,0.6015933505131507,-0.3484848484848485
NaAlSi,SC_Binary,Fm,4.156899291773667,42.142857142857146,42.142857142857146,10.13805102910627,0.1380510291062702,,,0.0,0.0,0.035,0.30344733635217946,-0.033262500292313625,0.6015933505131507,-0.3484848484848485
Nb,SC_TypeII,Fm,2.4872065856887278,29.72972972972973,29.72972972972973,11.95306007180635,0.046939928193650005,,,0.0,0.0,0.035,0.30344733635217946,-0.033262500292313625,0.6015933505131507,-0.3484848484848485
Nb2PdS5,SC_Binary,Fm,4.156899291773667,49.09090909090909,21.996050338778677,5.291456153943387,0.2914561539433871,1.2318056348672115,1.1324380067519577,0.0,0.0,0.035,0.30344733635217946,-0.033262500292313625,0.6015933505131507,-0.3484848484848485
Nb2PdS5,SC_Binary,Fm,4.156899291773667,56.25,25.203807679850566,6.0631268430601315,0.0631268430601315,1.2318056348672115,1.1324380067519577,0.0,0.0,0.035,0.30344733635217946,-0.033262500292313625,0.6015933505131507,-0.3484848484848485
Nb3Al,SC_Binary,Fm,4.156899291773667,14.814814814814817,8.810871823810213,2.1195778885590437,0.11957788855904372,0.6814243937563298,-0.18144034362324157,0.0,0.0,0.035,0.30344733635217946,-0.033262500292313625,0.6015933505131507,-0.3484848484848485
Nb3Al,SC_Binary,Fm,4.156899291773667,14.814814814814817,8.810871823810213,2.1195778885590437,0.11957788855904372,0.6814243937563298,-0.18144034362324157,0.0,0.0,0.035,0.30344733635217946,-0.033262500292313625,0.6015933505131507,-0.3484848484848485
Nb3Au,SC_Binary,Fm,4.156899291773667,23.47826086956522,23.47826086956522,5.648022533533044,0.3519774664669564,,,0.0,0.0,0.035,0.30344733635217946,-0.033262500292313625,0.6015933505131507,-0.3484848484848485
Nb3Ge,SC_Binary,Fm,4.156899291773667,13.91304347826087,7.158717204428826,1.7221290923731625,0.2778709076268375,0.9435106990472258,0.44421601369828195,0.0,0.0,0.035,0.30344733635217946,-0.033262500292313625,0.6015933505131507,-0.3484848484848485
Nb3Ge,SC_Binary,Fm,4.156899291773667,13.91304347826087,7.158717204428826,1.7221290923731625,0.2778709076268375,0.9435106990472258,0.44421601369828195,0.0,0.0,0.035,0.30344733635217946,-0.033262500292313625,0.6015933505131507,-0.3484848484848485
Nb3Sb,SC_Binary,Fm,4.156899291773667,1475.0,1475.0,354.8317860187194,0.16821398128058718,,,0.0,0.0,0.035,0.30344733635217946,-0.033262500292313625,0.6015933505131507,-0.3484848484848485
Nb3Sn,SC_Binary,Fm,4.156899291773667,13.88888888888889,8.525984085707776,2.0510441767449956,0.05104417674499562,0.6290071326981506,-0.3065716150875463,0.0,0.0,0.035,0.30344733635217946,-0.033262500292313625,0.6015933505131507,-0.3484848484848485
Nb3Sn,SC_Binary,Fm,4.156899291773667,13.88888888888889,8.525984085707776,2.0510441767449956,0.05104417674499562,0.6290071326981506,-0.3065716150875463,0.0,0.0,0.035,0.30344733635217946,-0.033262500292313625,0.6015933505131507,-0.3484848484848485
NbN,SC_TypeII,Fm,2.4872065856887278,22.476780185758518,22.476780185758518,9.036957490820777,0.03695749082077704,,,0.0,0.0,0.035,0.30344733635217946,-0.033262500292313625,0.6015933505131507,-0.3484848484848485
NbSe2 (monolayer),SC_Binary,Fm,4.156899291773667,200.0,200.0,48.11278454491111,0.11278454491110779,,,0.0,0.0,0.035,0.30344733635217946,-0.033262500292313625,0.6015933505131507,-0.3484848484848485
NbTi,SC_Binary,Fm,4.156899291773667,29.347826086956523,29.347826086956523,7.060028166916304,0.06002816691630386,,,0.0,0.0,0.035,0.30344733635217946,-0.033262500292313625,0.6015933505131507,-0.3484848484848485
NbZr,SC_Binary,Fm,4.156899291773667,24.537037037037035,24.537037037037035,5.902725881667334,0.09727411833266597,,,0.0,0.0,0.035,0.30344733635217946,-0.033262500292313625,0.6015933505131507,-0.3484848484848485
Nd1.85Ce0.15CuO4,SC_Oxide,Fm,2.334226185351896,15.227272727272727,15.227272727272727,6.5234778115459875,0.4765221884540125,,,0.0,0.0,0.035,0.30344733635217946,-0.033262500292313625,0.6015933505131507,-0.3484848484848485
Nd2-xCexCuO4 (NCCO),SC_Oxide,Fm,2.334226185351896,14.166666666666666,14.166666666666666,6.069106222682088,0.06910622268208844,,,0.0,0.0,0.035,0.30344733635217946,-0.033262500292313625,0.6015933505131507,-0.3484848484848485
NdFeAsO0.9F0.1,SC_IronBased,Fm,1.0897223768764928,5.384615384615385,5.384615384615385,4.94127265703168,0.05872734296831972,,,0.0,0.0,0.035,0.30344733635217946,-0.033262500292313625,0.6015933505131507,-0.3484848484848485
NdH9,SC_HighPressure,Fm,4.2785915724700025,7.5,7.5,1.7529132830199774,0.2470867169800226,,,0.0,0.0,0.035,0.30344733635217946,-0.033262500292313625,0.6015933505131507,-0.3484848484848485
NiH4,SC_HighPressure,Fm,4.2785915724700025,16.8,16.8,3.9265257539647496,0.07347424603525043,,,0.0,0.0,0.035,0.30344733635217946,-0.033262500292313625,0.6015933505131507,-0.3484848484848485
NiMo6S8,SC_Binary,Fm,4.156899291773667,46.25,46.25,11.126081426010694,0.1260814260106944,,,0.0,0.0,0.035,0.30344733635217946,-0.033262500292313625,0.6015933505131507,-0.3484848484848485
NpPd5Al2,SC_HeavyFermion,Fm,2.3074399382884696,55.10204081632653,55.10204081632653,23.880162556776302,0.11983744322369816,,,0.0,0.0,0.035,0.30344733635217946,-0.033262500292313625,0.6015933505131507,-0.3484848484848485
Os,SC_TypeII,Fm,2.4872065856887278,757.5757575757575,757.5757575757575,304.58899632013424,0.4110036798657575,,,0.0,0.0,0.035,0.30344733635217946,-0.033262500292313625,0.6015933505131507,-0.3484848484848485
Pa,SC_TypeII,Fm,2.4872065856887278,203.57142857142858,203.57142857142858,81.84741458259607,0.15258541740392673,,,0.0,0.0,0.035,0.30344733635217946,-0.033262500292313625,0.6015933505131507,-0.3484848484848485
Pb,SC_TypeI,Fm,4.829836290046916,14.583333333333332,14.583333333333332,3.0194260131313215,0.01942601313132153,,,0.0,0.0,0.035,0.30344733635217946,-0.033262500292313625,0.6015933505131507,-0.3484848484848485
PbMo6S8,SC_Binary,Fm,4.156899291773667,14.285714285714286,14.285714285714286,3.4366274674936506,0.43662746749365056,,,0.0,0.0,0.035,0.30344733635217946,-0.033262500292313625,0.6015933505131507,-0.3484848484848485
PbMo6Se8,SC_Binary,Fm,4.156899291773667,50.0,50.0,12.028196136227777,0.028196136227776947,,,0.0,0.0,0.035,0.30344733635217946,-0.033262500292313625,0.6015933505131507,-0.3484848484848485
Pr2-xCexCuO4 (PCCO),SC_Oxide,Fm,2.334226185351896,14.166666666666666,14.166666666666666,6.069106222682088,0.06910622268208844,,,0.0,0.0,0.035,0.30344733635217946,-0.033262500292313625,0.6015933505131507,-0.3484848484848485
PrFeAsO0.9F0.1,SC_IronBased,Fm,1.0897223768764928,5.384615384615385,5.384615384615385,4.94127265703168,0.05872734296831972,,,0.0,0.0,0.035,0.30344733635217946,-0.033262500292313625,0.6015933505131507,-0.3484848484848485
PrH10,SC_HighPressure,Fm,4.2785915724700025,6.888888888888889,6.888888888888889,1.6100833118109423,0.38991668818905767,,,0.0,0.0,0.035,0.30344733635217946,-0.033262500292313625,0.6015933505131507,-0.3484848484848485
PrH9,SC_HighPressure,Fm,4.2785915724700025,8.055555555555555,8.055555555555555,1.8827587113918276,0.1172412886081724,,,0.0,0.0,0.035,0.30344733635217946,-0.033262500292313625,0.6015933505131507,-0.3484848484848485
PuCoGa5,SC_HeavyFermion,Fm,2.3074399382884696,16.216216216216218,16.216216216216218,7.027795587279512,0.027795587279512368,,,0.0,0.0,0.035,0.30344733635217946,-0.033262500292313625,0.6015933505131507,-0.3484848484848485
PuRhGa5,SC_HeavyFermion,Fm,2.3074399382884696,32.22222222222222,32.22222222222222,13.964490120649845,0.035509879350154705,,,0.0,0.0,0.035,0.30344733635217946,-0.033262500292313625,0.6015933505131507,-0.3484848484848485
Rb3C60,SC_Molecular,Fm,4.665463717730834,3.9285714285714284,3.9285714285714284,0.8420537949188442,0.15794620508115575,,,0.0,0.0,0.035,0.30344733635217946,-0.033262500292313625,0.6015933505131507,-0.3484848484848485
RbC8,SC_Binary,Fm,4.156899291773667,3800.0,3800.0,914.142906353311,0.1429063533109911,,,0.0,0.0,0.035,0.30344733635217946,-0.033262500292313625,0.6015933505131507,-0.3484848484848485
Re,SC_TypeII,Fm,2.4872065856887278,244.7058823529412,244.7058823529412,98.38582921136008,0.3858292113600754,,,0.0,0.0,0.035,0.30344733635217946,-0.033262500292313625,0.6015933505131507,-0.3484848484848485
Rh,SC_TypeII,Fm,2.4872065856887278,1476923.076923077,1476923.076923077,593807.9632874987,0.03671250131446868,,,0.0,0.0,0.035,0.30344733635217946,-0.033262500292313625,0.6015933505131507,-0.3484848484848485
Ru,SC_TypeII,Fm,2.4872065856887278,1224.4897959183675,1224.4897959183675,492.31527568478845,0.31527568478844614,,,0.0,0.0,0.035,0.30344733635217946,-0.033262500292313625,0.6015933505131507,-0.3484848484848485
RuO2,SC_Binary,Fm,4.156899291773667,562.5,562.5,135.3172065325625,0.3172065325624942,,,0.0,0.0,0.035,0.30344733635217946,-0.033262500292313625,0.6015933505131507,-0.3484848484848485
ScH12,SC_HighPressure,Fm,4.2785915724700025,6.0,6.0,1.402330626415982,0.40233062641598205,,,0.0,0.0,0.035,0.30344733635217946,-0.033262500292313625,0.6015933505131507,-0.3484848484848485
ScH3,SC_HighPressure,Fm,4.2785915724700025,38.91891891891892,38.91891891891892,9.096198657833396,0.09619865783339598,,,0.0,0.0,0.035,0.30344733635217946,-0.033262500292313625,0.6015933505131507,-0.3484848484848485
ScH6,SC_HighPressure,Fm,4.2785915724700025,9.659090909090908,9.659090909090908,2.257539834192395,0.2575398341923951,,,0.0,0.0,0.035,0.30344733635217946,-0.033262500292313625,0.6015933505131507,-0.3484848484848485
ScZrH12,SC_HighPressure,Fm,4.2785915724700025,5.987654320987654,5.987654320987654,1.399445172452163,0.39944517245216304,,,0.0,0.0,0.035,0.30344733635217946,-0.033262500292313625,0.6015933505131507,-0.3484848484848485
SeH2,SC_HighPressure,Fm,4.2785915724700025,6.870229007633588,6.870229007633588,1.60572209131601,0.39427790868399004,,,0.0,0.0,0.035,0.30344733635217946,-0.033262500292313625,0.6015933505131507,-0.3484848484848485
SH3 (Cmca),SC_HighPressure,Fm,4.2785915724700025,4.87603305785124,4.87603305785124,1.1396350820735943,0.13963508207359432,,,0.0,0.0,0.035,0.30344733635217946,-0.033262500292313625,0.6015933505131507,-0.3484848484848485
Si2H6,SC_HighPressure,Fm,4.2785915724700025,8.095238095238095,8.095238095238095,1.8920333848469597,0.10796661515304029,,,0.0,0.0,0.035,0.30344733635217946,-0.033262500292313625,0.6015933505131507,-0.3484848484848485
SmFeAsO0.9F0.1,SC_IronBased,Fm,1.0897223768764928,6.511627906976744,6.511627906976744,5.975492515480171,0.024507484519829426,,,0.0,0.0,0.035,0.30344733635217946,-0.033262500292313625,0.6015933505131507,-0.3484848484848485
SmH9,SC_HighPressure,Fm,4.2785915724700025,8.0,8.0,1.8697741685546427,0.13022583144535727,,,0.0,0.0,0.035,0.30344733635217946,-0.033262500292313625,0.6015933505131507,-0.3484848484848485
Sn,SC_TypeI,Fm,4.829836290046916,53.76344086021505,53.76344086021505,11.131524472373536,0.13152447237353648,,,0.0,0.0,0.035,0.30344733635217946,-0.033262500292313625,0.6015933505131507,-0.3484848484848485
SnMo6S8,SC_Binary,Fm,4.156899291773667,15.833333333333334,15.833333333333334,3.8089287764721296,0.19107122352787043,,,0.0,0.0,0.035,0.30344733635217946,-0.033262500292313625,0.6015933505131507,-0.3484848484848485
Sr2RuO4,SC_Oxide,Fm,2.334226185351896,233.33333333333334,233.33333333333334,99.96174955005793,0.038250449942069054,,,0.0,0.0,0.035,0.30344733635217946,-0.033262500292313625,0.6015933505131507,-0.3484848484848485
Sr2RuO4,SC_Oxide,Fm,2.334226185351896,233.33333333333334,233.33333333333334,99.96174955005793,0.038250449942069054,,,0.0,0.0,0.035,0.30344733635217946,-0.033262500292313625,0.6015933505131507,-0.3484848484848485
Sr2RuO4,SC_Oxide,Fm,2.334226185351896,233.33333333333334,233.33333333333334,99.96174955005793,0.038250449942069054,,,0.0,0.0,0.035,0.30344733635217946,-0.033262500292313625,0.6015933505131507,-0.3484848484848485
SrAlSi,SC_Binary,Fm,4.156899291773667,58.82352941176471,58.82352941176471,14.150818983797386,0.1508189837973859,,,0.0,0.0,0.035,0.30344733635217946,-0.033262500292313625,0.6015933505131507,-0.3484848484848485
SrC6,SC_Binary,Fm,4.156899291773667,187.87878787878788,187.87878787878788,45.196858208855886,0.19685820885588612,,,0.0,0.0,0.035,0.30344733635217946,-0.033262500292313625,0.6015933505131507,-0.3484848484848485
SrH10,SC_HighPressure,Fm,4.2785915724700025,4.401544401544402,4.401544401544402,1.0287367529692533,0.028736752969253265,,,0.0,0.0,0.035,0.30344733635217946,-0.033262500292313625,0.6015933505131507,-0.3484848484848485
SrH22,SC_HighPressure,Fm,4.2785915724700025,8.761904761904763,8.761904761904763,2.0478478988931803,0.04784789889318031,,,0.0,0.0,0.035,0.30344733635217946,-0.033262500292313625,0.6015933505131507,-0.3484848484848485
SrH6,SC_HighPressure,Fm,4.2785915724700025,9.176470588235293,9.176470588235293,2.144740958047972,0.14474095804797216,,,0.0,0.0,0.035,0.30344733635217946,-0.033262500292313625,0.6015933505131507,-0.3484848484848485
SrTiO3-doped,SC_Oxide,Fm,2.334226185351896,1142.857142857143,1142.857142857143,489.60856922477353,0.39143077522646763,,,0.0,0.0,0.035,0.30344733635217946,-0.033262500292313625,0.6015933505131507,-0.3484848484848485
Ta,SC_TypeII,Fm,2.4872065856887278,54.80984340044743,54.80984340044743,22.03670725054394,0.03670725054394097,,,0.0,0.0,0.035,0.30344733635217946,-0.033262500292313625,0.6015933505131507,-0.3484848484848485
TaC,SC_Binary,Fm,4.156899291773667,52.65700483091788,52.65700483091788,12.667375641051477,0.3326243589485234,,,0.0,0.0,0.035,0.30344733635217946,-0.033262500292313625,0.6015933505131507,-0.3484848484848485
TaH6,SC_HighPressure,Fm,4.2785915724700025,8.36734693877551,8.36734693877551,1.9556311456821518,0.044368854317848205,,,0.0,0.0,0.035,0.30344733635217946,-0.033262500292313625,0.6015933505131507,-0.3484848484848485
TaIr2B2,SC_Binary,Fm,4.156899291773667,60.7843137254902,60.7843137254902,14.622512949923966,0.37748705007603434,0.0,-1.808146872659203,0.0,0.0,0.035,0.30344733635217946,-0.033262500292313625,0.6015933505131507,-0.3484848484848485
TaIr2B2,SC_Binary,Fm,4.156899291773667,60.7843137254902,60.7843137254902,14.622512949923966,0.37748705007603434,0.0,-1.808146872659203,0.0,0.0,0.035,0.30344733635217946,-0.033262500292313625,0.6015933505131507,-0.3484848484848485
TbH9,SC_HighPressure,Fm,4.2785915724700025,8.947368421052632,8.947368421052632,2.091194793778219,0.09119479377821893,,,0.0,0.0,0.035,0.30344733635217946,-0.033262500292313625,0.6015933505131507,-0.3484848484848485
Tc,SC_TypeII,Fm,2.4872065856887278,32.30769230769231,32.30769230769231,12.989549196914032,0.010450803085968019,,,0.0,0.0,0.035,0.30344733635217946,-0.033262500292313625,0.6015933505131507,-0.3484848484848485
Td-WTe2 (pressure 2.5 GPa),SC_Binary,Fm,4.156899291773667,28.571428571428573,28.571428571428573,6.873254934987301,0.1267450650126989,,,0.0,0.0,0.035,0.30344733635217946,-0.033262500292313625,0.6015933505131507,-0.3484848484848485
Th,SC_TypeII,Fm,2.4872065856887278,116.42857142857143,116.42857142857143,46.810977463028635,0.18902253697136473,,,0.0,0.0,0.035,0.30344733635217946,-0.033262500292313625,0.6015933505131507,-0.3484848484848485
Th4H15,SC_HighPressure,Fm,4.2785915724700025,8.673469387755102,8.673469387755102,2.0271786266217426,0.02717862662174264,,,0.0,0.0,0.035,0.30344733635217946,-0.033262500292313625,0.6015933505131507,-0.3484848484848485
ThC2,SC_Binary,Fm,4.156899291773667,58.46153846153846,58.46153846153846,14.06373702082017,0.06373702082017019,,,0.0,0.0,0.035,0.30344733635217946,-0.033262500292313625,0.6015933505131507,-0.3484848484848485
ThH10,SC_HighPressure,Fm,4.2785915724700025,5.900621118012422,5.900621118012422,1.3791036181109553,0.3791036181109553,,,0.0,0.0,0.035,0.30344733635217946,-0.033262500292313625,0.6015933505131507,-0.3484848484848485
ThH9,SC_HighPressure,Fm,4.2785915724700025,6.301369863013699,6.301369863013699,1.4727673245464652,0.4727673245464652,,,0.0,0.0,0.035,0.30344733635217946,-0.033262500292313625,0.6015933505131507,-0.3484848484848485
Ti,SC_TypeII,Fm,2.4872065856887278,1050.0,1050.0,422.1603488997061,0.16034889970609356,,,0.0,0.0,0.035,0.30344733635217946,-0.033262500292313625,0.6015933505131507,-0.3484848484848485
TiH10,SC_HighPressure,Fm,4.2785915724700025,5.2631578947368425,5.2631578947368425,1.2301145845754229,0.2301145845754229,,,0.0,0.0,0.035,0.30344733635217946,-0.033262500292313625,0.6015933505131507,-0.3484848484848485
TiN,SC_Binary,Fm,4.156899291773667,125.0,125.0,30.070490340569442,0.07049034056944237,,,0.0,0.0,0.035,0.30344733635217946,-0.033262500292313625,0.6015933505131507,-0.3484848484848485
Tl,SC_TypeI,Fm,4.829836290046916,40.1673640167364,40.1673640167364,8.316506317100497,0.31650631710049737,,,0.0,0.0,0.035,0.30344733635217946,-0.033262500292313625,0.6015933505131507,-0.3484848484848485
Tl2Ba2Ca2Cu3O10 (Tl-2223),SC_Oxide,Fm,2.334226185351896,3.36,3.36,1.439449193520834,0.439449193520834,,,0.0,0.0,0.035,0.30344733635217946,-0.033262500292313625,0.6015933505131507,-0.3484848484848485
U (alpha),SC_TypeII,Fm,2.4872065856887278,1035.0,1035.0,416.1294867725674,0.12948677256741803,,,0.0,0.0,0.035,0.30344733635217946,-0.033262500292313625,0.6015933505131507,-0.3484848484848485
UBe13,SC_HeavyFermion,Fm,2.3074399382884696,411.7647058823529,411.7647058823529,178.45088795150917,0.4508879515091735,,,0.0,0.0,0.035,0.30344733635217946,-0.033262500292313625,0.6015933505131507,-0.3484848484848485
UH7,SC_HighPressure,Fm,4.2785915724700025,12.631578947368421,12.631578947368421,2.9522750029810148,0.04772499701898525,,,0.0,0.0,0.035,0.30344733635217946,-0.033262500292313625,0.6015933505131507,-0.3484848484848485
UNi2Al3,SC_HeavyFermion,Fm,2.3074399382884696,280.0,280.0,121.34660380702624,0.3466038070262414,,,0.0,0.0,0.035,0.30344733635217946,-0.033262500292313625,0.6015933505131507,-0.3484848484848485
UPd2Al3,SC_HeavyFermion,Fm,2.3074399382884696,150.0,150.0,65.00710918233548,0.0071091823354834105,,,0.0,0.0,0.035,0.30344733635217946,-0.033262500292313625,0.6015933505131507,-0.3484848484848485
UPt3,SC_HeavyFermion,Fm,2.3074399382884696,420.0,420.0,182.01990571053935,0.019905710539347865,,,0.0,0.0,0.035,0.30344733635217946,-0.033262500292313625,0.6015933505131507,-0.3484848484848485
URu2Si2,SC_HeavyFermion,Fm,2.3074399382884696,230.76923076923077,230.76923076923077,100.01093720359306,0.010937203593059053,,,0.0,0.0,0.035,0.30344733635217946,-0.033262500292313625,0.6015933505131507,-0.3484848484848485
V,SC_TypeII,Fm,2.4872065856887278,70.37037037037037,70.37037037037037,28.292933435959135,0.2929334359591351,,,0.0,0.0,0.035,0.30344733635217946,-0.033262500292313625,0.6015933505131507,-0.3484848484848485
V3Ga,SC_Binary,Fm,4.156899291773667,20.606060606060606,20.606060606060606,4.957074771293872,0.04292522870612814,,,0.0,0.0,0.035,0.30344733635217946,-0.033262500292313625,0.6015933505131507,-0.3484848484848485
V3Si,SC_Binary,Fm,4.156899291773667,20.46783625730994,16.920195118568586,4.070388510987735,0.07038851098773513,0.2096690442327168,-1.3076217868019842,0.0,0.0,0.035,0.30344733635217946,-0.033262500292313625,0.6015933505131507,-0.3484848484848485
V3Si,SC_Binary,Fm,4.156899291773667,20.46783625730994,16.920195118568586,4.070388510987735,0.07038851098773513,0.2096690442327168,-1.3076217868019842,0.0,0.0,0.035,0.30344733635217946,-0.033262500292313625,0.6015933505131507,-0.3484848484848485
VH8,SC_HighPressure,Fm,4.2785915724700025,6.814814814814815,6.814814814814815,1.592770588028029,0.40722941197197104,,,0.0,0.0,0.035,0.30344733635217946,-0.033262500292313625,0.6015933505131507,-0.3484848484848485
WC,SC_Binary,Fm,4.156899291773667,57.5,57.5,13.832425556661944,0.16757444333805616,,,0.0,0.0,0.035,0.30344733635217946,-0.033262500292313625,0.6015933505131507,-0.3484848484848485
WRe,SC_Binary,Fm,4.156899291773667,71.66666666666667,71.66666666666667,17.24041446192648,0.24041446192648053,,,0.0,0.0,0.035,0.30344733635217946,-0.033262500292313625,0.6015933505131507,-0.3484848484848485
Y3LuH24,SC_HighPressure,Fm,4.2785915724700025,4.063604240282685,4.063604240282685,0.9497527799637098,0.05024722003629023,,,0.0,0.0,0.035,0.30344733635217946,-0.033262500292313625,0.6015933505131507,-0.3484848484848485
YB6,SC_Binary,Fm,4.156899291773667,136.9047619047619,136.9047619047619,32.934346563480815,0.06565343651918454,,,0.0,0.0,0.035,0.30344733635217946,-0.033262500292313625,0.6015933505131507,-0.3484848484848485
YBa2Cu3O7 (YBCO),SC_Oxide,Fm,2.334226185351896,4.565217391304348,4.565217391304348,1.9557733607620027,0.0442266392379973,,,0.0,0.0,0.035,0.30344733635217946,-0.033262500292313625,0.6015933505131507,-0.3484848484848485
YBa2Cu3O7 (YBCO),SC_Oxide,Fm,2.334226185351896,4.565217391304348,4.565217391304348,1.9557733607620027,0.0442266392379973,,,0.0,0.0,0.035,0.30344733635217946,-0.033262500292313625,0.6015933505131507,-0.3484848484848485
YbC6,SC_Binary,Fm,4.156899291773667,49.23076923076923,49.23076923076923,11.843146964901196,0.15685303509880377,,,0.0,0.0,0.035,0.30344733635217946,-0.033262500292313625,0.6015933505131507,-0.3484848484848485
YC2,SC_Binary,Fm,4.156899291773667,127.27272727272728,127.27272727272728,30.6172265285798,0.3827734714202009,,,0.0,0.0,0.035,0.30344733635217946,-0.033262500292313625,0.6015933505131507,-0.3484848484848485
YCaH18,SC_HighPressure,Fm,4.2785915724700025,5.3125,5.3125,1.2416469088058173,0.2416469088058173,,,0.0,0.0,0.035,0.30344733635217946,-0.033262500292313625,0.6015933505131507,-0.3484848484848485
YH10,SC_HighPressure,Fm,4.2785915724700025,3.7704918032786887,3.7704918032786887,0.8812460220646882,0.11875397793531184,,,0.0,0.0,0.035,0.30344733635217946,-0.033262500292313625,0.6015933505131507,-0.3484848484848485
YH4,SC_HighPressure,Fm,4.2785915724700025,9.090909090909092,9.090909090909092,2.1247433733575485,0.12474337335754848,,,0.0,0.0,0.035,0.30344733635217946,-0.033262500292313625,0.6015933505131507,-0.3484848484848485
YH6,SC_HighPressure,Fm,4.2785915724700025,4.6875,4.6875,1.095570801887486,0.0955708018874859,,,0.0,0.0,0.035,0.30344733635217946,-0.033262500292313625,0.6015933505131507,-0.3484848484848485
YH9,SC_HighPressure,Fm,4.2785915724700025,4.526748971193416,4.526748971193416,1.0579997867335942,0.05799978673359418,,,0.0,0.0,0.035,0.30344733635217946,-0.033262500292313625,0.6015933505131507,-0.3484848484848485
YHfH12,SC_HighPressure,Fm,4.2785915724700025,5.892857142857143,5.892857142857143,1.3772890080871252,0.3772890080871252,,,0.0,0.0,0.035,0.30344733635217946,-0.033262500292313625,0.6015933505131507,-0.3484848484848485
YLu3H24,SC_HighPressure,Fm,4.2785915724700025,4.027777777777778,4.027777777777778,0.9413793556959138,0.0586206443040862,,,0.0,0.0,0.035,0.30344733635217946,-0.033262500292313625,0.6015933505131507,-0.3484848484848485
YLuH12,SC_HighPressure,Fm,4.2785915724700025,4.109090909090909,4.109090909090909,0.960384004757612,0.039615995242388014,,,0.0,0.0,0.035,0.30344733635217946,-0.033262500292313625,0.6015933505131507,-0.3484848484848485
YThH12,SC_HighPressure,Fm,4.2785915724700025,5.771428571428571,5.771428571428571,1.3489085073144207,0.3489085073144207,,,0.0,0.0,0.035,0.30344733635217946,-0.033262500292313625,0.6015933505131507,-0.3484848484848485
Zn,SC_TypeI,Fm,4.829836290046916,384.70588235294116,384.70588235294116,79.65195075984744,0.34804924015256233,,,0.0,0.0,0.035,0.30344733635217946,-0.033262500292313625,0.6015933505131507,-0.3484848484848485
ZnH6,SC_HighPressure,Fm,4.2785915724700025,20.454545454545453,20.454545454545453,4.7806725900544835,0.21932740994551647,,,0.0,0.0,0.035,0.30344733635217946,-0.033262500292313625,0.6015933505131507,-0.3484848484848485
Zr,SC_TypeII,Fm,2.4872065856887278,477.04918032786884,477.04918032786884,191.80118896145896,0.198811038541038,,,0.0,0.0,0.035,0.30344733635217946,-0.033262500292313625,0.6015933505131507,-0.3484848484848485
ZrB12,SC_Binary,Fm,4.156899291773667,181.8181818181818,181.8181818181818,43.738895040828275,0.2611049591717247,,,0.0,0.0,0.035,0.30344733635217946,-0.033262500292313625,0.6015933505131507,-0.3484848484848485
ZrH10,SC_HighPressure,Fm,4.2785915724700025,4.909090909090909,4.909090909090909,1.147361421613076,0.14736142161307608,,,0.0,0.0,0.035,0.30344733635217946,-0.033262500292313625,0.6015933505131507,-0.3484848484848485
ZrN,SC_Binary,Fm,4.156899291773667,55.14018691588785,55.14018691588785,13.264739664251193,0.2647396642511932,,,0.0,0.0,0.035,0.30344733635217946,-0.033262500292313625,0.6015933505131507,-0.3484848484848485
